_index,DATE,ERR_export,ERR_std,ITER,TIME_ITER,capability,cpu,date_start,device,device_name,discrepancies_abs,discrepancies_rel,dtype,dump_folder,dump_ort,dynamic,executable,exporter,filename,flag_fake_tensor,flag_no_grad,flag_training,has_cuda,input_size,machine,mema_gpu_0_before_loading,mema_gpu_1_after_loading,mema_gpu_2_after_warmup,mema_gpu_3_empty_cache,mema_gpu_4_after_repeat,mema_gpu_4_reset,mema_gpu_5_after_export,mema_gpu_6_after_gcollect,mema_gpu_6_before_session,mema_gpu_7_after_session,mema_gpu_8_after_export_warmup,mema_gpu_9_after_export_repeat,memory_begin,memory_end,memory_gpu0_begin,memory_gpu0_end,memory_gpu0_mean,memory_gpu0_n,memory_gpu0_peak,memory_gpu1_begin,memory_gpu1_end,memory_gpu1_mean,memory_gpu1_n,memory_gpu1_peak,memory_gpu2_begin,memory_gpu2_end,memory_gpu2_mean,memory_gpu2_n,memory_gpu2_peak,memory_gpu3_begin,memory_gpu3_end,memory_gpu3_mean,memory_gpu3_n,memory_gpu3_peak,memory_gpu4_begin,memory_gpu4_end,memory_gpu4_mean,memory_gpu4_n,memory_gpu4_peak,memory_gpu5_begin,memory_gpu5_end,memory_gpu5_mean,memory_gpu5_n,memory_gpu5_peak,memory_gpu6_begin,memory_gpu6_end,memory_gpu6_mean,memory_gpu6_n,memory_gpu6_peak,memory_gpu7_begin,memory_gpu7_end,memory_gpu7_mean,memory_gpu7_n,memory_gpu7_peak,memory_mean,memory_n,memory_peak,model,model_name,nvtx,onnx_filesize,onnx_input_names,onnx_model,onnx_n_functions,onnx_n_initializer,onnx_n_inputs,onnx_n_nodes,onnx_n_outputs,onnx_n_sequence,onnx_n_sparse_initializer,onnx_output_names,op_onnx_Add,op_onnx_Cast,op_onnx_Clip,op_onnx_ConstantOfShape,op_onnx_CumSum,op_onnx_Div,op_onnx_Dropout,op_onnx_Equal,op_onnx_Erf,op_onnx_Expand,op_onnx_Gather,op_onnx_Identity,op_onnx_Less,op_onnx_MatMul,op_onnx_Mul,op_onnx_Not,op_onnx_Pow,op_onnx_Range,op_onnx_ReduceMean,op_onnx_Reshape,op_onnx_Slice,op_onnx_Softmax,op_onnx_SoftmaxCrossEntropyLoss,op_onnx_Split,op_onnx_Sqrt,op_onnx_Squeeze,op_onnx_Sub,op_onnx_Tanh,op_onnx_Transpose,op_onnx_Trilu,op_onnx_Unsqueeze,op_onnx_Where,op_onnx_initializer,op_onnx_sparse_initializer,op_torch_aten._to_copy.default,op_torch_aten._unsafe_view.default,op_torch_aten.add.Tensor,op_torch_aten.arange.default,op_torch_aten.arange.start,op_torch_aten.bitwise_not.default,op_torch_aten.bmm.default,op_torch_aten.clamp.default,op_torch_aten.clone.default,op_torch_aten.cross_entropy_loss.default,op_torch_aten.cumsum.default,op_torch_aten.detach.default,op_torch_aten.div.Tensor,op_torch_aten.dropout.default,op_torch_aten.embedding.default,op_torch_aten.expand.default,op_torch_aten.full.default,op_torch_aten.gelu.default,op_torch_aten.layer_norm.default,op_torch_aten.lift_fresh_copy.default,op_torch_aten.linear.default,op_torch_aten.lt.Tensor,op_torch_aten.masked_fill.Scalar,op_torch_aten.masked_fill.Tensor,op_torch_aten.matmul.default,op_torch_aten.mean.dim,op_torch_aten.mul.Tensor,op_torch_aten.ne.Scalar,op_torch_aten.ones.default,op_torch_aten.permute.default,op_torch_aten.pow.Tensor_Scalar,op_torch_aten.rsub.Scalar,op_torch_aten.scaled_dot_product_attention.default,op_torch_aten.slice.Tensor,op_torch_aten.softmax.int,op_torch_aten.split.Tensor,op_torch_aten.sqrt.default,op_torch_aten.squeeze.dim,op_torch_aten.sub.Tensor,op_torch_aten.tanh.default,op_torch_aten.transpose.int,op_torch_aten.type_as.default,op_torch_aten.unsqueeze.default,op_torch_aten.view.default,op_torch_getitem,opt_patterns,output_data,output_size,params_dtype,params_size,part,processor,providers,quiet,repeat,speedup,speedup_increase,speedup_med,split_process,start,suite,target_opset,time_export,time_export_success,time_latency,time_latency_eager,time_latency_eager_t_max,time_latency_eager_t_med,time_latency_eager_t_min,time_latency_eager_t_qu,time_latency_eager_t_std,time_latency_t_max,time_latency_t_med,time_latency_t_min,time_latency_t_qu,time_latency_t_std,time_load,time_session,time_total,time_warmup,time_warmup_eager,verbose,version,version_onnx,version_onnxruntime,version_onnxscript,version_torch,version_transformers,warmup,ERROR,OUTPUT,CMD
AlbertForMaskedLM-custom,2024-07-27,,"onnxruntime/capi/onnxruntime_validation.py:114: UserWarning:  [0;93m2024-07-27 10:28:07.693349526 [W:onnxruntime:_ graph.cc:108 MergeShapeInfo] 'cross_entropy_loss' source:{} target:{2048_30000}. [0;93m2024-07-2...",0,32.8683123899973,7.0,40,2024-07-27,cuda,Tesla V100-SXM2-32GB,0.00244140625,1.517578125,float16,dum_hg,0,0,/usr/bin/python3,custom,dum_hg/AlbertForMaskedLM-custom-cuda-torch.float16/model.onnx,False,True,False,True,0,x86_64,0,412780544,824506368,824506368,824506368,421300224,967187456.0,421300224.0,421300224.0,421300224.0,421300224.0,421300224.0,1039.48046875,6106.82421875,1447.5625,1835.5625,1815.2483638743456,573,1835.5625,277.5625,277.5625,277.5625,573,277.5625,277.5625,277.5625,277.5625,573,277.5625,277.5625,277.5625,277.5625,573,277.5625,277.5625,277.5625,277.5625,573,277.5625,277.5625,277.5625,277.5625,573,277.5625,277.5625,277.5625,277.5625,573,277.5625,277.5625,277.5625,277.5625,573,277.5625,2325.4519728948517,573,1,AlbertForMaskedLM,AlbertForMaskedLM,0,125327.0,args_0|args_6,1.0,0.0,219.0,2.0,877.0,2.0,0.0,0.0,output_0|output_1,191.0,41.0,,1.0,,38.0,25.0,,,1.0,3.0,42.0,,99.0,79.0,,39.0,,52.0,50.0,,12.0,1.0,,26.0,,27.0,13.0,135.0,,2.0,,219.0,0.0,1.0,12.0,64.0,,,,,,12.0,1.0,,,12.0,25.0,3.0,1.0,,,26.0,,75.0,,,,24.0,,53.0,,1.0,36.0,13.0,1.0,,2.0,12.0,,,,,13.0,24.0,,2.0,38.0,,,,3774873600000001.0,float16,206368944,,x86_64,CUDAExecutionProvider/CPUExecutionProvider,1,30,1.1308536665219724,0.1308536665219724,1.1672046085229404,0,0,HuggingFace,18,5.941404581011739,5.941592085000593,0.14222632437401142,0.1608371603942942,0.1665597729734145,0.1659833095036447,0.01799601799575612,0.01799601799575612/0.16512124997098/0.165495388826821/0.16570394376758485/0.16584825679892673/0.1659833095036447/0.16603644059505313/0.16606607228168285/0.1661499031819403/0.16630339719122275/0.1665597729734145,0.02653735660720811,0.14312285999767482,0.14220583802671172,0.14111841103294864,0.14111841103294864/0.1418722407135647/0.14189891018904746/0.14200216343742794/0.14215097721898928/0.14220583802671172/0.14230096040992066/0.14244438398745843/0.1425238259951584/0.1426406895800028/0.14312285999767482,0.00040168757073085284,3.2752391250105575,4.480532713001594,26.805083650979213,0.146098085003905,0.16557119049830363,1,3.9.19,1.17.0,1.19.0+cu118,0.1.0.dev20240612,2.5.0.dev20240726+cu118,4.37.2,10,"onnxruntime/capi/onnxruntime_validation.py:114: UserWarning:  [0;93m2024-07-27 10:28:07.693349526 [W:onnxruntime:_ graph.cc:108 MergeShapeInfo] 'cross_entropy_loss' source:{} target:{2048_30000}. [0;93m2024-07-2...",[bash_bench_huggingface] start -- device=cuda -- dtype=float16 -- dump_folder=dum_hg -- dump_ort=0 -- dynamic=0 -- exporter=custom -- memory_peak=1 -- model=AlbertForMaskedLM -- nvtx=0 -- opt_patterns= -- output_data= -- part= -- process=0 -- quiet=1 -- repeat=30 -- split_process=0 -- start=0 -- target_opset=18 -- verbose=1 -- warmup=10 -- Running model 'AlbertForMaskedLM' -- [BenchmarkRunner.benchmark] test model 'AlbertForMaskedLM' with exporter='custom' -- [benchmarkrunner.benchmark] model wr...,"[/usr/bin/python3 -m experimental_experiment.torch_bench.bash_bench_huggingface --repeat 30 --warmup 10 --model AlbertForMaskedLM --exporter custom --device cuda --dynamic 0 --target_opset 18 --verbose 1 --opt_patterns """" --dump_folder dum_hg --quiet 1 --start 0 --dtype float16 --output_data """" --memory_peak 1 --nvtx 0 --dump_ort 0 --split_process 0 --part """"]"
AlbertForQuestionAnswering-custom,2024-07-27,,"onnxruntime/capi/onnxruntime_validation.py:114: UserWarning:  [0;93m2024-07-27 10:28:43.341774698 [W:onnxruntime:_ graph.cc:108 MergeShapeInfo] '_onx_squeeze02' source:{4_512} target:{4_512_1}. [0;93m2024-07-27 ...",1,32.72854487301083,7.0,40,2024-07-27,cuda,Tesla V100-SXM2-32GB,0.00543212890625,0.12298583984375,float16,dum_hg,0,0,/usr/bin/python3,custom,dum_hg/AlbertForQuestionAnswering-custom-cuda-torch.float16/model.onnx,False,True,False,True,131072,x86_64,0,411671552,823397376,823397376,823397376,420191232,966062592.0,420191232.0,420191232.0,420191232.0,420191232.0,420191232.0,934.30078125,5981.93359375,1445.5625,1833.5625,1815.279777486911,573,1833.5625,277.5625,277.5625,277.5625,573,277.5625,277.5625,277.5625,277.5625,573,277.5625,277.5625,277.5625,277.5625,573,277.5625,277.5625,277.5625,277.5625,573,277.5625,277.5625,277.5625,277.5625,573,277.5625,277.5625,277.5625,277.5625,573,277.5625,277.5625,277.5625,277.5625,573,277.5625,2202.971326897906,573,1,AlbertForQuestionAnswering,AlbertForQuestionAnswering,0,122880.0,args_0|args_6|args_7,1.0,0.0,210.0,3.0,866.0,3.0,0.0,0.0,output_0|output_1|output_2,187.0,38.0,2.0,1.0,,38.0,25.0,,,1.0,3.0,48.0,,98.0,74.0,,37.0,,50.0,48.0,,12.0,2.0,1.0,25.0,2.0,26.0,12.0,134.0,,2.0,,210.0,0.0,1.0,12.0,63.0,,,,,2.0,14.0,2.0,,,13.0,25.0,3.0,1.0,,,25.0,,74.0,,,,24.0,,49.0,,1.0,36.0,12.0,1.0,,2.0,12.0,1.0,,2.0,,12.0,24.0,,2.0,36.0,2.0,,,8388609.0,float16,205822466,,x86_64,CUDAExecutionProvider/CPUExecutionProvider,1,30,1.1412004881697666,0.1412004881697666,1.1775765102830538,0,0,HuggingFace,18,5.929396888997871,5.929885402030777,0.14114152006804942,0.1610707716026809,0.1672884989529848,0.16610745701473206,0.01796204794663936,0.01796204794663936/0.16545322634628973/0.16560688959434627/0.16583596016862429/0.1659373356262222/0.16610745701473206/0.16617508118506522/0.16627084497013128/0.16649179443484172/0.16664569359854794/0.1672884989529848,0.026589175323114268,0.14163100195582956,0.1410587384889368,0.14050007599871606,0.14050007599871606/0.14083783299429342/0.1409146261983551/0.14100388738443143/0.14104341282509267/0.1410587384889368/0.14119779100874438/0.14125021751387976/0.14138005542336032/0.1415645500877872/0.14163100195582956,0.0002718786269822344,3.2768719170126133,4.411940335994586,26.664194551005494,0.1460389790008776,0.1667253075982444,1,3.9.19,1.17.0,1.19.0+cu118,0.1.0.dev20240612,2.5.0.dev20240726+cu118,4.37.2,10,"onnxruntime/capi/onnxruntime_validation.py:114: UserWarning:  [0;93m2024-07-27 10:28:43.341774698 [W:onnxruntime:_ graph.cc:108 MergeShapeInfo] '_onx_squeeze02' source:{4_512} target:{4_512_1}. [0;93m2024-07-27 ...",[bash_bench_huggingface] start -- device=cuda -- dtype=float16 -- dump_folder=dum_hg -- dump_ort=0 -- dynamic=0 -- exporter=custom -- memory_peak=1 -- model=AlbertForQuestionAnswering -- nvtx=0 -- opt_patterns= -- output_data= -- part= -- process=0 -- quiet=1 -- repeat=30 -- split_process=0 -- start=0 -- target_opset=18 -- verbose=1 -- warmup=10 -- Running model 'AlbertForQuestionAnswering' -- [BenchmarkRunner.benchmark] test model 'AlbertForQuestionAnswering' with exporter='custom' -- [benchmar...,"[/usr/bin/python3 -m experimental_experiment.torch_bench.bash_bench_huggingface --repeat 30 --warmup 10 --model AlbertForQuestionAnswering --exporter custom --device cuda --dynamic 0 --target_opset 18 --verbose 1 --opt_patterns """" --dump_folder dum_hg --quiet 1 --start 0 --dtype float16 --output_data """" --memory_peak 1 --nvtx 0 --dump_ort 0 --split_process 0 --part """"]"
AllenaiLongformerBase-custom,2024-07-27,"Consider annotating your code using torch._check*(). Could not guard on data-dependent expression Eq(u0_ 1) (unhinted: Eq(u0_ 1)).  (Size-like symbols: none)_ _ Potential framework code culprit (scroll up for full backtrace):_   File ""torch/_dynamo/variables/tensor.py""_ line 1072_ in evaluate_expr_     return guard_scalar(self.sym_num)_ _ For more information_ run with TORCH_LOGS=""dynamic""_ For extended logs when we create symbols_ also add TORCHD...","onnxruntime/capi/onnxruntime_validation.py:114: UserWarning:  huggingface_hub/file_download.py:1132: FutureWarning: `resume_download` is deprecated and will be removed in version 1.0.0. Downloads always resume when possible. If you wan...",2,13.419688355992548,7.0,40,2024-07-27,cuda,Tesla V100-SXM2-32GB,,,float16,dum_hg,0,0,/usr/bin/python3,custom,,False,True,False,True,0,x86_64,0,306654720,1145008640,1145008640,1145008640,315174400,,,,,,,1442.41796875,1460.87890625,2161.5625,2161.5625,2161.5625,90,2161.5625,277.5625,277.5625,277.5625,90,277.5625,277.5625,277.5625,277.5625,90,277.5625,277.5625,277.5625,277.5625,90,277.5625,277.5625,277.5625,277.5625,90,277.5625,277.5625,277.5625,277.5625,90,277.5625,277.5625,277.5625,277.5625,90,277.5625,277.5625,277.5625,277.5625,90,277.5625,1453.2817274305555,90,1,AllenaiLongformerBase,AllenaiLongformerBase,0,,,,,,,,,,,,,,,,,,,,,,,,,,,,,,,,,,,,,,,,,,,,,,,,,,,,,,,,,,,,,,,,,,,,,,,,,,,,,,,,,,,,,,,,,,,,,4.23888144039936e+16,float16,148711257,,x86_64,,1,30,,,,0,0,HuggingFace,18,0.9030943529796787,,,0.06754582290304825,0.06906976696336642,0.0686491094820667,0.035601753974333405,0.035601753974333405/0.06851328779011964/0.06859093823004514/0.06860624901019037/0.0686165394145064/0.0686491094820667/0.06866202001692727/0.06867963003460317/0.06868536102119834/0.06873378110467457/0.06906976696336642,0.005932932244014564,,,,,,3.175652880978305,,7.569887039018795,,0.08051706849946641,1,3.9.19,1.17.0,1.19.0+cu118,0.1.0.dev20240612,2.5.0.dev20240726+cu118,4.37.2,10,"onnxruntime/capi/onnxruntime_validation.py:114: UserWarning:  huggingface_hub/file_download.py:1132: FutureWarning: `resume_download` is deprecated and will be removed in version 1.0.0. Downloads always resume when possible. If you wan...",[bash_bench_huggingface] start -- device=cuda -- dtype=float16 -- dump_folder=dum_hg -- dump_ort=0 -- dynamic=0 -- exporter=custom -- memory_peak=1 -- model=AllenaiLongformerBase -- nvtx=0 -- opt_patterns= -- output_data= -- part= -- process=0 -- quiet=1 -- repeat=30 -- split_process=0 -- start=0 -- target_opset=18 -- verbose=1 -- warmup=10 -- Running model 'AllenaiLongformerBase' -- [BenchmarkRunner.benchmark] test model 'AllenaiLongformerBase' with exporter='custom' -- [benchmarkrunner.benchma...,"[/usr/bin/python3 -m experimental_experiment.torch_bench.bash_bench_huggingface --repeat 30 --warmup 10 --model AllenaiLongformerBase --exporter custom --device cuda --dynamic 0 --target_opset 18 --verbose 1 --opt_patterns """" --dump_folder dum_hg --quiet 1 --start 0 --dtype float16 --output_data """" --memory_peak 1 --nvtx 0 --dump_ort 0 --split_process 0 --part """"]"
BartForCausalLM-custom,2024-07-27,,"onnxruntime/capi/onnxruntime_validation.py:114: UserWarning:  [0;93m2024-07-27 10:29:30.270902839 [W:onnxruntime:_ graph.cc:108 MergeShapeInfo] 'cross_entropy_loss' source:{} target:{4096_50265}. [0;93m2024-07-2...",3,22.740989697980694,7.0,40,2024-07-27,cuda,Tesla V100-SXM2-32GB,0.023681640625,9.8359375,float16,dum_hg,0,0,/usr/bin/python3,custom,dum_hg/BartForCausalLM-custom-cuda-torch.float16/model.onnx,False,True,False,True,0,x86_64,0,508233728,1550011392,1550011392,1550011392,516753408,521022976.0,415942656.0,415942656.0,415942656.0,415942656.0,415942656.0,1437.35546875,2423.79296875,2277.5625,2277.5625,2277.5625,530,2277.5625,277.5625,277.5625,277.5625,530,277.5625,277.5625,277.5625,277.5625,530,277.5625,277.5625,277.5625,277.5625,530,277.5625,277.5625,277.5625,277.5625,530,277.5625,277.5625,277.5625,277.5625,530,277.5625,277.5625,277.5625,277.5625,530,277.5625,277.5625,277.5625,277.5625,530,277.5625,1683.4172833136793,530,1,BartForCausalLM,BartForCausalLM,0,147216.0,args_0|args_8,1.0,0.0,417.0,2.0,904.0,26.0,0.0,0.0,output_0|output_1|output_2|output_3|output_4|output_5|output_6|output_7|output_8|output_9|output_10|output_11|output_12|output_13|output_14|output_15|output_16|output_17|output_18|output_19|output_20|output_21|output_22|output_23|output_24|output_25,172.0,3.0,,1.0,,37.0,37.0,12.0,12.0,1.0,2.0,98.0,,97.0,74.0,,25.0,1.0,50.0,50.0,,12.0,1.0,,37.0,,25.0,,133.0,12.0,,12.0,417.0,0.0,2.0,,26.0,,1.0,,,,36.0,1.0,,,,37.0,2.0,1.0,,12.0,25.0,,73.0,,,,,,1.0,,,,,,12.0,,,,,,,,48.0,,,50.0,,,,4.281102686905958e+16,float16,254084096,,x86_64,CUDAExecutionProvider/CPUExecutionProvider,1,30,0.620524310067259,-0.37947568993274094,0.7535147455165924,0,0,HuggingFace,18,5.452872044988908,5.453448059037328,0.04923376893469443,0.030550750500212113,0.037318225018680096,0.03706386900739744,0.007842393999453634,0.007842393999453634/0.007899936009198427/0.012739935808349404/0.036898284108610825/0.037007757206447424/0.03706386900739744/0.0371269203722477/0.037151940999319774/0.03718156119575724/0.03729817399289459/0.037318225018680096,0.01192535156844011,0.04964229202596471,0.04918798102880828,0.048816772003192455,0.048816772003192455/0.049049687973456456/0.049094678985420616/0.04912459971383214/0.04914431996876374/0.04918798102880828/0.04924540262436494/0.049323434295365585/0.04939184618415311/0.04945129817933776/0.04964229202596471,0.00019000461794031564,4.739216045010835,1.7904152940027416,16.711387149989605,0.053791891696164384,0.027741197595605626,1,3.9.19,1.17.0,1.19.0+cu118,0.1.0.dev20240612,2.5.0.dev20240726+cu118,4.37.2,10,"onnxruntime/capi/onnxruntime_validation.py:114: UserWarning:  [0;93m2024-07-27 10:29:30.270902839 [W:onnxruntime:_ graph.cc:108 MergeShapeInfo] 'cross_entropy_loss' source:{} target:{4096_50265}. [0;93m2024-07-2...",[bash_bench_huggingface] start -- device=cuda -- dtype=float16 -- dump_folder=dum_hg -- dump_ort=0 -- dynamic=0 -- exporter=custom -- memory_peak=1 -- model=BartForCausalLM -- nvtx=0 -- opt_patterns= -- output_data= -- part= -- process=0 -- quiet=1 -- repeat=30 -- split_process=0 -- start=0 -- target_opset=18 -- verbose=1 -- warmup=10 -- Running model 'BartForCausalLM' -- [BenchmarkRunner.benchmark] test model 'BartForCausalLM' with exporter='custom' -- [benchmarkrunner.benchmark] model wrapped ...,"[/usr/bin/python3 -m experimental_experiment.torch_bench.bash_bench_huggingface --repeat 30 --warmup 10 --model BartForCausalLM --exporter custom --device cuda --dynamic 0 --target_opset 18 --verbose 1 --opt_patterns """" --dump_folder dum_hg --quiet 1 --start 0 --dtype float16 --output_data """" --memory_peak 1 --nvtx 0 --dump_ort 0 --split_process 0 --part """"]"
BartForConditionalGeneration-custom,2024-07-27,"    File ""experimental_experiment/torch_bench/_bash_bench_model_runner.py""_ line 138_ in __call___     res = self.model(*args_ **kwargs)_   File ""...","onnxruntime/capi/onnxruntime_validation.py:114: UserWarning:  ",4,16.805886545975227,7.0,40,2024-07-27,cuda,Tesla V100-SXM2-32GB,,,float16,dum_hg,0,0,/usr/bin/python3,custom,,False,True,False,True,0,x86_64,0,812716544,1241413120,1241413120,1241413120,821236224,,,,,,,1083.71484375,1096.3046875,1921.5625,1921.5625,1921.5625,44,1921.5625,277.5625,277.5625,277.5625,44,277.5625,277.5625,277.5625,277.5625,44,277.5625,277.5625,277.5625,277.5625,44,277.5625,277.5625,277.5625,277.5625,44,277.5625,277.5625,277.5625,277.5625,44,277.5625,277.5625,277.5625,277.5625,44,277.5625,277.5625,277.5625,277.5625,44,277.5625,1090.9850852272727,44,1,BartForConditionalGeneration,BartForConditionalGeneration,0,,,,,,,,,,,,,,,,,,,,,,,,,,,,,,,,,,,,,,,,,,,,,,,,,,,,,,,,,,,,,,,,,,,,,,,,,,,,,,,,,,,,,,,,,,,,,1.0601601647509504e+16,float16,406291456,,x86_64,,1,30,,,,0,0,HuggingFace,18,0.43529555801069364,,,0.04481076302472502,0.045601585006807,0.045228575996588916,0.03370710299350321,0.03370710299350321/0.04502065176493488/0.0451127937878482/0.0451533539860975/0.045181295415386555/0.045228575996588916/0.045262657024431975/0.04528322729747743/0.045374319760594514/0.04543162106419914/0.045601585006807,0.002085245016709973,,,,,,8.107824359030928,,10.950352901010774,,0.056832512497203426,1,3.9.19,1.17.0,1.19.0+cu118,0.1.0.dev20240612,2.5.0.dev20240726+cu118,4.37.2,10,"onnxruntime/capi/onnxruntime_validation.py:114: UserWarning:  ",[bash_bench_huggingface] start -- device=cuda -- dtype=float16 -- dump_folder=dum_hg -- dump_ort=0 -- dynamic=0 -- exporter=custom -- memory_peak=1 -- model=BartForConditionalGeneration -- nvtx=0 -- opt_patterns= -- output_data= -- part= -- process=0 -- quiet=1 -- repeat=30 -- split_process=0 -- start=0 -- target_opset=18 -- verbose=1 -- warmup=10 -- Running model 'BartForConditionalGeneration' -- [BenchmarkRunner.benchmark] test model 'BartForConditionalGeneration' with exporter='custom' -- [be...,"[/usr/bin/python3 -m experimental_experiment.torch_bench.bash_bench_huggingface --repeat 30 --warmup 10 --model BartForConditionalGeneration --exporter custom --device cuda --dynamic 0 --target_opset 18 --verbose 1 --opt_patterns """" --dump_folder dum_hg --quiet 1 --start 0 --dtype float16 --output_data """" --memory_peak 1 --nvtx 0 --dump_ort 0 --split_process 0 --part """"]"
BertForMaskedLM-custom,2024-07-27,,"onnxruntime/capi/onnxruntime_validation.py:114: UserWarning:  [0;93m2024-07-27 10:30:13.848901452 [W:onnxruntime:_ graph.cc:108 MergeShapeInfo]  [0;93m2024-07-2...",5,21.27475655497983,7.0,40,2024-07-27,cuda,Tesla V100-SXM2-32GB,0.03564453125,16.359375,float16,dum_hg,0,0,/usr/bin/python3,custom,dum_hg/BertForMaskedLM-custom-cuda-torch.float16/model.onnx,False,True,False,True,0,x86_64,0,226681344,1247929856,1247929856,1247929856,235201024,464760832.0,235201024.0,235201024.0,235201024.0,235201024.0,235201024.0,1438.4765625,1978.33203125,2113.5625,2113.5625,2113.5625,606,2113.5625,277.5625,277.5625,277.5625,606,277.5625,277.5625,277.5625,277.5625,606,277.5625,277.5625,277.5625,277.5625,606,277.5625,277.5625,277.5625,277.5625,606,277.5625,277.5625,277.5625,277.5625,606,277.5625,277.5625,277.5625,277.5625,606,277.5625,277.5625,277.5625,277.5625,606,277.5625,1518.5566728547856,606,1,BertForMaskedLM,BertForMaskedLM,0,136504.0,args_0|args_8,1.0,0.0,391.0,2.0,810.0,2.0,0.0,0.0,output_0|output_1,177.0,2.0,,1.0,,51.0,37.0,,13.0,1.0,3.0,44.0,,98.0,53.0,,26.0,,52.0,50.0,,12.0,1.0,,26.0,,27.0,,134.0,,2.0,,391.0,0.0,1.0,,38.0,,,,,,12.0,1.0,,,12.0,37.0,3.0,1.0,,13.0,26.0,,74.0,,,,24.0,,1.0,,1.0,48.0,,1.0,,4.0,12.0,,,,,,12.0,,2.0,50.0,,,,6.251811331217818e+16,float16,109514298,,x86_64,CUDAExecutionProvider/CPUExecutionProvider,1,30,0.948065838907077,-0.05193416109292304,0.9711585886426766,0,0,HuggingFace,18,6.210237886989489,6.210823100991547,0.05563916833489202,0.052749594803511476,0.05461720301536843,0.0540083380183205,0.015768876008223742,0.015768876008223742/0.05373071160865948/0.05384506481932476/0.053910785674816/0.05393776642158628/0.0540083380183205/0.054088250384666026/0.054154281329829246/0.05420765316812322/0.05429094519349746/0.05461720301536843,0.006872789068124728,0.05601963400840759,0.05561227450380102,0.05535421799868345,0.05535421799868345/0.05548068091738969/0.05550370201235637/0.05552964226808399/0.055597924010362475/0.05561227450380102/0.05565516502829269/0.05568506598938257/0.05572500738780946/0.055894031043862924/0.05601963400840759,0.00015607426950855146,2.352357007970568,0.8691424970165826,15.099573270999826,0.060554402001434936,0.06200035889633,1,3.9.19,1.17.0,1.19.0+cu118,0.1.0.dev20240612,2.5.0.dev20240726+cu118,4.37.2,10,"onnxruntime/capi/onnxruntime_validation.py:114: UserWarning:  [0;93m2024-07-27 10:30:13.848901452 [W:onnxruntime:_ graph.cc:108 MergeShapeInfo]  [0;93m2024-07-2...",[bash_bench_huggingface] start -- device=cuda -- dtype=float16 -- dump_folder=dum_hg -- dump_ort=0 -- dynamic=0 -- exporter=custom -- memory_peak=1 -- model=BertForMaskedLM -- nvtx=0 -- opt_patterns= -- output_data= -- part= -- process=0 -- quiet=1 -- repeat=30 -- split_process=0 -- start=0 -- target_opset=18 -- verbose=1 -- warmup=10 -- Running model 'BertForMaskedLM' -- [BenchmarkRunner.benchmark] test model 'BertForMaskedLM' with exporter='custom' -- [benchmarkrunner.benchmark] model wrapped ...,"[/usr/bin/python3 -m experimental_experiment.torch_bench.bash_bench_huggingface --repeat 30 --warmup 10 --model BertForMaskedLM --exporter custom --device cuda --dynamic 0 --target_opset 18 --verbose 1 --opt_patterns """" --dump_folder dum_hg --quiet 1 --start 0 --dtype float16 --output_data """" --memory_peak 1 --nvtx 0 --dump_ort 0 --split_process 0 --part """"]"
BertForQuestionAnswering-custom,2024-07-27,,"onnxruntime/capi/onnxruntime_validation.py:114: UserWarning:  [0;93m2024-07-27 10:30:36.952124236 [W:onnxruntime:_ graph.cc:108 MergeShapeInfo] '_onx_squeeze02' source:{16_512} target:{16_512_1}. [0;93m2024-07-2...",6,19.44505580997793,7.0,40,2024-07-27,cuda,Tesla V100-SXM2-32GB,0.0146484375,1.7294921875,float16,dum_hg,0,0,/usr/bin/python3,custom,dum_hg/BertForQuestionAnswering-custom-cuda-torch.float16/model.onnx,False,True,False,True,8589934592,x86_64,0,224457216,522433024,522433024,522433024,232976896,463388672.0,232976896.0,232976896.0,232976896.0,232976896.0,232976896.0,976.1484375,1417.9140625,1157.5625,1157.5625,1157.5625,597,1157.5625,277.5625,277.5625,277.5625,597,277.5625,277.5625,277.5625,277.5625,597,277.5625,277.5625,277.5625,277.5625,597,277.5625,277.5625,277.5625,277.5625,597,277.5625,277.5625,277.5625,277.5625,597,277.5625,277.5625,277.5625,277.5625,597,277.5625,277.5625,277.5625,277.5625,597,277.5625,1036.6907650230319,597,1,BertForQuestionAnswering,BertForQuestionAnswering,0,135119.0,args_0|args_6|args_7,1.0,0.0,384.0,3.0,805.0,3.0,0.0,0.0,output_0|output_1|output_2,174.0,2.0,2.0,1.0,,50.0,37.0,,12.0,1.0,3.0,50.0,,97.0,50.0,,25.0,,50.0,48.0,,12.0,2.0,1.0,25.0,2.0,26.0,,133.0,,2.0,,384.0,0.0,1.0,,39.0,,,,,2.0,14.0,2.0,,,13.0,37.0,3.0,1.0,,12.0,25.0,,73.0,,,,24.0,,1.0,,1.0,48.0,,1.0,,4.0,12.0,1.0,,2.0,,,12.0,,2.0,48.0,2.0,,,134217729.0,float16,108893186,,x86_64,CUDAExecutionProvider/CPUExecutionProvider,1,30,0.9454730740542414,-0.054526925945758586,0.9674289993167983,0,0,HuggingFace,18,6.133054227975663,6.13359883998055,0.04467323083663359,0.04223733688704669,0.0436076259939,0.043211516487644985,0.014375237980857491,0.014375237980857491/0.043009061558404935/0.04305953281000256/0.043127394677139816/0.0431641349918209/0.043211516487644985/0.04326041759923101/0.043298707978101446/0.0433375199791044/0.04334811008302495/0.0436076259939,0.005177089177193909,0.04498200101079419,0.04466634400887415,0.04437008703825995,0.04437008703825995/0.04453562100534327/0.04458877301076427/0.04460723230149597/0.04462201297283173/0.04466634400887415/0.04467967436648905/0.04472973530064337/0.04476847677724436/0.044866458111209796/0.04498200101079419,0.00013272116609463482,2.079317412979435,0.7169704560074024,13.221697032975499,0.0482207132037729,0.05411361290025525,1,3.9.19,1.17.0,1.19.0+cu118,0.1.0.dev20240612,2.5.0.dev20240726+cu118,4.37.2,10,"onnxruntime/capi/onnxruntime_validation.py:114: UserWarning:  [0;93m2024-07-27 10:30:36.952124236 [W:onnxruntime:_ graph.cc:108 MergeShapeInfo] '_onx_squeeze02' source:{16_512} target:{16_512_1}. [0;93m2024-07-2...",[bash_bench_huggingface] start -- device=cuda -- dtype=float16 -- dump_folder=dum_hg -- dump_ort=0 -- dynamic=0 -- exporter=custom -- memory_peak=1 -- model=BertForQuestionAnswering -- nvtx=0 -- opt_patterns= -- output_data= -- part= -- process=0 -- quiet=1 -- repeat=30 -- split_process=0 -- start=0 -- target_opset=18 -- verbose=1 -- warmup=10 -- Running model 'BertForQuestionAnswering' -- [BenchmarkRunner.benchmark] test model 'BertForQuestionAnswering' with exporter='custom' -- [benchmarkrunne...,"[/usr/bin/python3 -m experimental_experiment.torch_bench.bash_bench_huggingface --repeat 30 --warmup 10 --model BertForQuestionAnswering --exporter custom --device cuda --dynamic 0 --target_opset 18 --verbose 1 --opt_patterns """" --dump_folder dum_hg --quiet 1 --start 0 --dtype float16 --output_data """" --memory_peak 1 --nvtx 0 --dump_ort 0 --split_process 0 --part """"]"
BlenderbotForCausalLM-custom,2024-07-27,,"onnxruntime/capi/onnxruntime_validation.py:114: UserWarning:  [0;93m2024-07-27 10:31:43.149719588 [W:onnxruntime:_ graph.cc:108 MergeShapeInfo] 'cross_entropy_loss' source:{} target:{512_8008}. [0;93m2024-07-27 ...",7,78.53522016102215,7.0,40,2024-07-27,cuda,Tesla V100-SXM2-32GB,0.0107421875,7.07421875,float16,dum_hg,0,0,/usr/bin/python3,custom,dum_hg/BlenderbotForCausalLM-custom-cuda-torch.float16/model.onnx,False,True,False,True,0,x86_64,0,5078116352,5244610560,5244610560,5244610560,5086636032,5087956480.0,3827607552.0,3827607552.0,3827607552.0,3827607552.0,3827607552.0,1000.55078125,9549.96484375,5957.5625,5957.5625,5957.5625,1878,5957.5625,277.5625,277.5625,277.5625,1878,277.5625,277.5625,277.5625,277.5625,1878,277.5625,277.5625,277.5625,277.5625,1878,277.5625,277.5625,277.5625,277.5625,1878,277.5625,277.5625,277.5625,277.5625,1878,277.5625,277.5625,277.5625,277.5625,1878,277.5625,277.5625,277.5625,277.5625,1878,277.5625,5118.91755066893,1878,1,BlenderbotForCausalLM,BlenderbotForCausalLM,0,295920.0,args_0|args_8,1.0,0.0,797.0,2.0,1863.0,50.0,0.0,0.0,output_0|output_1|output_2|output_3|output_4|output_5|output_6|output_7|output_8|output_9|output_10|output_11|output_12|output_13|output_14|output_15|output_16|output_17|output_18|output_19|output_20|output_21|output_22|output_23|output_24|output_25|output_26|output_27|output_28|output_29|output_30|output_31|output_32|output_33|output_34|output_35|output_36|output_37|output_38|output_39|output_40|output_41|output_42|output_43|output_44|output_45|output_46|output_47|output_48|output_49,340.0,27.0,,1.0,,73.0,97.0,,24.0,1.0,2.0,198.0,1.0,193.0,122.0,,49.0,2.0,98.0,244.0,,24.0,1.0,,49.0,,49.0,,265.0,,2.0,1.0,797.0,0.0,2.0,24.0,74.0,1.0,1.0,,48.0,,96.0,1.0,,,,97.0,2.0,1.0,1.0,24.0,49.0,,145.0,1.0,1.0,,,,25.0,,,,,,,2.0,24.0,,,,,,120.0,,2.0,220.0,,,,99274159292417.0,float16,2538583040,,x86_64,CUDAExecutionProvider/CPUExecutionProvider,1,30,0.8761132863381538,-0.12388671366184623,0.9374397273395566,0,0,HuggingFace,18,19.319475089025218,19.320522713009268,0.03440386397414841,0.030141682329121976,0.03247244202066213,0.03223693699692376,0.019258539949078113,0.019258539949078113/0.019397633778862656/0.031009028991684322/0.03217360601993278/0.032183694990817455/0.03223693699692376/0.03228341799695045/0.032302177970996125/0.03235567980445921/0.03239774098619819/0.03247244202066213,0.004506597651930791,0.034712585038505495,0.03438827698118985,0.03421777399489656,0.03421777399489656/0.03423235300579108/0.0342647340032272/0.034291424683760854/0.03433473561890423/0.03438827698118985/0.034410777036100626/0.034438588027842346/0.03459282180992886/0.034607302100630476/0.034712585038505495,0.0001453299222775565,33.51768564200029,16.063562925031874,72.52412602497498,0.038014528900384904,0.03785460270009935,1,3.9.19,1.17.0,1.19.0+cu118,0.1.0.dev20240612,2.5.0.dev20240726+cu118,4.37.2,10,"onnxruntime/capi/onnxruntime_validation.py:114: UserWarning:  [0;93m2024-07-27 10:31:43.149719588 [W:onnxruntime:_ graph.cc:108 MergeShapeInfo] 'cross_entropy_loss' source:{} target:{512_8008}. [0;93m2024-07-27 ...",[bash_bench_huggingface] start -- device=cuda -- dtype=float16 -- dump_folder=dum_hg -- dump_ort=0 -- dynamic=0 -- exporter=custom -- memory_peak=1 -- model=BlenderbotForCausalLM -- nvtx=0 -- opt_patterns= -- output_data= -- part= -- process=0 -- quiet=1 -- repeat=30 -- split_process=0 -- start=0 -- target_opset=18 -- verbose=1 -- warmup=10 -- Running model 'BlenderbotForCausalLM' -- [BenchmarkRunner.benchmark] test model 'BlenderbotForCausalLM' with exporter='custom' -- [benchmarkrunner.benchma...,"[/usr/bin/python3 -m experimental_experiment.torch_bench.bash_bench_huggingface --repeat 30 --warmup 10 --model BlenderbotForCausalLM --exporter custom --device cuda --dynamic 0 --target_opset 18 --verbose 1 --opt_patterns """" --dump_folder dum_hg --quiet 1 --start 0 --dtype float16 --output_data """" --memory_peak 1 --nvtx 0 --dump_ort 0 --split_process 0 --part """"]"
BlenderbotForConditionalGeneration-custom,2024-07-27,"    File ""experimental_experiment/torch_bench/_bash_bench_model_runner.py""_ line 138_ in __call___     res = self.model(*args_ **kwargs)_   File ""...","onnxruntime/capi/onnxruntime_validation.py:114: UserWarning:  ",8,49.056214412034024,7.0,40,2024-07-27,cuda,Tesla V100-SXM2-32GB,,,float16,dum_hg,0,0,/usr/bin/python3,custom,,False,True,False,True,0,x86_64,0,5393528832,5580994560,5580994560,5580994560,5402048512,,,,,,,949.8515625,962.19921875,6331.5625,6331.5625,6331.5625,45,6331.5625,277.5625,277.5625,277.5625,45,277.5625,277.5625,277.5625,277.5625,45,277.5625,277.5625,277.5625,277.5625,45,277.5625,277.5625,277.5625,277.5625,45,277.5625,277.5625,277.5625,277.5625,45,277.5625,277.5625,277.5625,277.5625,45,277.5625,277.5625,277.5625,277.5625,45,277.5625,957.2323784722222,45,1,BlenderbotForConditionalGeneration,BlenderbotForConditionalGeneration,0,,,,,,,,,,,,,,,,,,,,,,,,,,,,,,,,,,,,,,,,,,,,,,,,,,,,,,,,,,,,,,,,,,,,,,,,,,,,,,,,,,,,,,,,,,,,,296460386041857.0,float16,2696268800,,x86_64,,1,30,,,,0,0,HuggingFace,18,0.4531504039769061,,,0.15882865306727278,0.16416462801862508,0.16255225997883826,0.047137299028690904,0.047137299028690904/0.16210736957145855/0.1623048790032044/0.16243609382072463/0.16246388838626444/0.16255225997883826/0.16266798101132734/0.16290599757339805/0.16311704362742602/0.16353536306414754/0.16416462801862508,0.02075585419738783,,,,,,35.664394272957,,43.076173306035344,,0.16450898610055448,1,3.9.19,1.17.0,1.19.0+cu118,0.1.0.dev20240612,2.5.0.dev20240726+cu118,4.37.2,10,"onnxruntime/capi/onnxruntime_validation.py:114: UserWarning:  ",[bash_bench_huggingface] start -- device=cuda -- dtype=float16 -- dump_folder=dum_hg -- dump_ort=0 -- dynamic=0 -- exporter=custom -- memory_peak=1 -- model=BlenderbotForConditionalGeneration -- nvtx=0 -- opt_patterns= -- output_data= -- part= -- process=0 -- quiet=1 -- repeat=30 -- split_process=0 -- start=0 -- target_opset=18 -- verbose=1 -- warmup=10 -- Running model 'BlenderbotForConditionalGeneration' -- [BenchmarkRunner.benchmark] test model 'BlenderbotForConditionalGeneration' with export...,"[/usr/bin/python3 -m experimental_experiment.torch_bench.bash_bench_huggingface --repeat 30 --warmup 10 --model BlenderbotForConditionalGeneration --exporter custom --device cuda --dynamic 0 --target_opset 18 --verbose 1 --opt_patterns """" --dump_folder dum_hg --quiet 1 --start 0 --dtype float16 --output_data """" --memory_peak 1 --nvtx 0 --dump_ort 0 --split_process 0 --part """"]"
BlenderbotSmallForCausalLM-custom,2024-07-27,,"onnxruntime/capi/onnxruntime_validation.py:114: UserWarning:  [0;93m2024-07-27 10:33:08.601579938 [W:onnxruntime:_ graph.cc:108 MergeShapeInfo] 'cross_entropy_loss' source:{} target:{8192_50265}. [0;93m2024-07-2...",9,16.277311475016177,7.0,40,2024-07-27,cuda,Tesla V100-SXM2-32GB,0.020263671875,9.46875,float16,dum_hg,0,0,/usr/bin/python3,custom,dum_hg/BlenderbotSmallForCausalLM-custom-cuda-torch.float16/model.onnx,False,True,False,True,0,x86_64,0,120350720,1919839232,1919839232,1919839232,128870400,130051584.0,112044032.0,112044032.0,112044032.0,112044032.0,112044032.0,1814.75,2060.4140625,2601.5625,2603.5625,2603.408244680851,376,2603.5625,277.5625,277.5625,277.5625,376,277.5625,277.5625,277.5625,277.5625,376,277.5625,277.5625,277.5625,277.5625,376,277.5625,277.5625,277.5625,277.5625,376,277.5625,277.5625,277.5625,277.5625,376,277.5625,277.5625,277.5625,277.5625,376,277.5625,277.5625,277.5625,277.5625,376,277.5625,1862.793280418883,376,1,BlenderbotSmallForCausalLM,BlenderbotSmallForCausalLM,0,101607.0,args_0|args_8,1.0,0.0,285.0,2.0,647.0,18.0,0.0,0.0,output_0|output_1|output_2|output_3|output_4|output_5|output_6|output_7|output_8|output_9|output_10|output_11|output_12|output_13|output_14|output_15|output_16|output_17,116.0,11.0,,1.0,,25.0,33.0,,8.0,1.0,2.0,70.0,1.0,65.0,42.0,,17.0,2.0,34.0,84.0,,8.0,1.0,,17.0,,17.0,,89.0,,2.0,1.0,285.0,0.0,2.0,8.0,26.0,1.0,1.0,,16.0,,32.0,1.0,,,,33.0,2.0,1.0,1.0,8.0,17.0,,49.0,1.0,1.0,,,,9.0,,,,,,,2.0,8.0,,,,,,40.0,,2.0,76.0,,,,1.6983673259268506e+17,float16,59631104,,x86_64,CUDAExecutionProvider/CPUExecutionProvider,1,30,0.7605721712294716,-0.23942782877052837,0.9418830653797883,0,0,HuggingFace,18,3.845186120015569,3.8455429279711097,0.02836245923729924,0.021571697203520066,0.026900415017735213,0.026691411039792,0.006863156973849982,0.006863156973849982/0.00689999801106751/0.0069570187828503546/0.026419944531517102/0.026638170017395168/0.026691411039792/0.026740132563281803/0.026758722693193703/0.02677635319996625/0.02682804416399449/0.026900415017735213,0.008553918883704237,0.02855105302296579,0.02833834901684895,0.028198444982990623,0.028198444982990623/0.028232286887941882/0.028280507796443997/0.028292198025155813/0.02831240800442174/0.02833834901684895/0.028394930029753594/0.028406750003341585/0.02847039100015536/0.02851423213724047/0.02855105302296579,0.00010079631211063008,1.8002442109864205,0.5172173389582895,10.21933903102763,0.0349987510999199,0.022679739200975747,1,3.9.19,1.17.0,1.19.0+cu118,0.1.0.dev20240612,2.5.0.dev20240726+cu118,4.37.2,10,"onnxruntime/capi/onnxruntime_validation.py:114: UserWarning:  [0;93m2024-07-27 10:33:08.601579938 [W:onnxruntime:_ graph.cc:108 MergeShapeInfo] 'cross_entropy_loss' source:{} target:{8192_50265}. [0;93m2024-07-2...",[bash_bench_huggingface] start -- device=cuda -- dtype=float16 -- dump_folder=dum_hg -- dump_ort=0 -- dynamic=0 -- exporter=custom -- memory_peak=1 -- model=BlenderbotSmallForCausalLM -- nvtx=0 -- opt_patterns= -- output_data= -- part= -- process=0 -- quiet=1 -- repeat=30 -- split_process=0 -- start=0 -- target_opset=18 -- verbose=1 -- warmup=10 -- Running model 'BlenderbotSmallForCausalLM' -- [BenchmarkRunner.benchmark] test model 'BlenderbotSmallForCausalLM' with exporter='custom' -- [benchmar...,"[/usr/bin/python3 -m experimental_experiment.torch_bench.bash_bench_huggingface --repeat 30 --warmup 10 --model BlenderbotSmallForCausalLM --exporter custom --device cuda --dynamic 0 --target_opset 18 --verbose 1 --opt_patterns """" --dump_folder dum_hg --quiet 1 --start 0 --dtype float16 --output_data """" --memory_peak 1 --nvtx 0 --dump_ort 0 --split_process 0 --part """"]"
BlenderbotSmallForConditionalGeneration-custom,2024-07-27,"    File ""experimental_experiment/torch_bench/_bash_bench_model_runner.py""_ line 138_ in __call___     res = self.model(*args_ **kwargs)_   File ""...","onnxruntime/capi/onnxruntime_validation.py:114: UserWarning:  ",10,11.56991762999678,7.0,40,2024-07-27,cuda,Tesla V100-SXM2-32GB,,,float16,dum_hg,0,0,/usr/bin/python3,custom,,False,True,False,True,0,x86_64,0,171416064,1845075456,1845075456,1845075456,179935744,,,,,,,1752.15625,1763.73046875,2563.5625,2563.5625,2563.5625,44,2563.5625,277.5625,277.5625,277.5625,44,277.5625,277.5625,277.5625,277.5625,44,277.5625,277.5625,277.5625,277.5625,44,277.5625,277.5625,277.5625,277.5625,44,277.5625,277.5625,277.5625,277.5625,44,277.5625,277.5625,277.5625,277.5625,44,277.5625,277.5625,277.5625,277.5625,44,277.5625,1758.790127840909,44,1,BlenderbotSmallForConditionalGeneration,BlenderbotSmallForConditionalGeneration,0,,,,,,,,,,,,,,,,,,,,,,,,,,,,,,,,,,,,,,,,,,,,,,,,,,,,,,,,,,,,,,,,,,,,,,,,,,,,,,,,,,,,,,,,,,,,,1.695728498020188e+17,float16,85113344,,x86_64,,1,30,,,,0,0,HuggingFace,18,0.4486555590410717,,,0.048353622298842915,0.04938452900387347,0.04901312099536881,0.028820559033192694,0.028820559033192694/0.048837526794523/0.048869877797551455/0.04892238829052076/0.04898328001145273/0.04901312099536881/0.04907140239374712/0.049098861980019136/0.049145523027982564/0.04919158522388898/0.04938452900387347,0.0036303608370899685,,,,,,2.362924102053512,,5.6949268889729865,,0.06025748779647984,1,3.9.19,1.17.0,1.19.0+cu118,0.1.0.dev20240612,2.5.0.dev20240726+cu118,4.37.2,10,"onnxruntime/capi/onnxruntime_validation.py:114: UserWarning:  ",[bash_bench_huggingface] start -- device=cuda -- dtype=float16 -- dump_folder=dum_hg -- dump_ort=0 -- dynamic=0 -- exporter=custom -- memory_peak=1 -- model=BlenderbotSmallForConditionalGeneration -- nvtx=0 -- opt_patterns= -- output_data= -- part= -- process=0 -- quiet=1 -- repeat=30 -- split_process=0 -- start=0 -- target_opset=18 -- verbose=1 -- warmup=10 -- Running model 'BlenderbotSmallForConditionalGeneration' -- [BenchmarkRunner.benchmark] test model 'BlenderbotSmallForConditionalGenerati...,"[/usr/bin/python3 -m experimental_experiment.torch_bench.bash_bench_huggingface --repeat 30 --warmup 10 --model BlenderbotSmallForConditionalGeneration --exporter custom --device cuda --dynamic 0 --target_opset 18 --verbose 1 --opt_patterns """" --dump_folder dum_hg --quiet 1 --start 0 --dtype float16 --output_data """" --memory_peak 1 --nvtx 0 --dump_ort 0 --split_process 0 --part """"]"
CamemBert-custom,2024-07-27,,"onnxruntime/capi/onnxruntime_validation.py:114: UserWarning:  huggingface_hub/file_download.py:1132: FutureWarning: `resume_download` is deprecated and will be removed in version 1.0.0. Downloads always resume when possible. If you wan...",11,21.477089150983375,7.0,40,2024-07-27,cuda,Tesla V100-SXM2-32GB,0.0546875,23.46875,float16,dum_hg,0,0,/usr/bin/python3,custom,dum_hg/CamemBert-custom-cuda-torch.float16/model.onnx,False,True,False,True,0,x86_64,0,228791808,1298635264,1298635264,1298635264,237311488,469232128.0,237306880.0,237306880.0,237306880.0,237306880.0,237306880.0,1463.3046875,2011.55859375,2165.5625,2165.5625,2165.5625,612,2165.5625,277.5625,277.5625,277.5625,612,277.5625,277.5625,277.5625,277.5625,612,277.5625,277.5625,277.5625,277.5625,612,277.5625,277.5625,277.5625,277.5625,612,277.5625,277.5625,277.5625,277.5625,612,277.5625,277.5625,277.5625,277.5625,612,277.5625,277.5625,277.5625,277.5625,612,277.5625,1546.4895003574347,612,1,CamemBert,CamemBert,0,139114.0,args_0|args_8,1.0,0.0,394.0,2.0,821.0,2.0,0.0,0.0,output_0|output_1,179.0,7.0,,1.0,1.0,51.0,37.0,1.0,13.0,1.0,3.0,43.0,,98.0,54.0,1.0,26.0,,52.0,50.0,1.0,12.0,1.0,,26.0,,27.0,,134.0,,2.0,,394.0,0.0,4.0,,40.0,,,,,,12.0,1.0,1.0,,12.0,37.0,3.0,1.0,,13.0,26.0,,74.0,,,,24.0,,2.0,1.0,1.0,48.0,,1.0,,4.0,12.0,,,,,,12.0,1.0,2.0,50.0,,,,6.87409532502016e+16,float16,110655493,,x86_64,CUDAExecutionProvider/CPUExecutionProvider,1,30,1.0320026503953987,0.032002650395398735,1.0563746662129267,0,0,HuggingFace,18,6.264841990021523,6.2653983030468225,0.05256718444482734,0.05424947367088559,0.05616166297113523,0.055503348470665514,0.016063566028606147,0.016063566028606147/0.055266148800728845/0.05540150599554181/0.05545718821813352/0.055478734418284145/0.055503348470665514/0.05558612538734451/0.055645232531242074/0.05573613340966403/0.055894798919325694/0.05616166297113523,0.007096625263158014,0.05279520299518481,0.05254134754068218,0.052405894035473466,0.052405894035473466/0.052434664027532565/0.05244871500181034/0.05247408600407653/0.052517476014327255/0.05254134754068218/0.052628579584416/0.05264315970125608/0.0526593399932608/0.05270858111325651/0.05279520299518481,0.0001142194232050985,2.4759652789798565,0.8772587139974348,15.281898973044008,0.06011981990304775,0.0646345517016016,1,3.9.19,1.17.0,1.19.0+cu118,0.1.0.dev20240612,2.5.0.dev20240726+cu118,4.37.2,10,"onnxruntime/capi/onnxruntime_validation.py:114: UserWarning:  huggingface_hub/file_download.py:1132: FutureWarning: `resume_download` is deprecated and will be removed in version 1.0.0. Downloads always resume when possible. If you wan...",[bash_bench_huggingface] start -- device=cuda -- dtype=float16 -- dump_folder=dum_hg -- dump_ort=0 -- dynamic=0 -- exporter=custom -- memory_peak=1 -- model=CamemBert -- nvtx=0 -- opt_patterns= -- output_data= -- part= -- process=0 -- quiet=1 -- repeat=30 -- split_process=0 -- start=0 -- target_opset=18 -- verbose=1 -- warmup=10 -- Running model 'CamemBert' -- [BenchmarkRunner.benchmark] test model 'CamemBert' with exporter='custom' -- [benchmarkrunner.benchmark] model wrapped with class <class ...,"[/usr/bin/python3 -m experimental_experiment.torch_bench.bash_bench_huggingface --repeat 30 --warmup 10 --model CamemBert --exporter custom --device cuda --dynamic 0 --target_opset 18 --verbose 1 --opt_patterns """" --dump_folder dum_hg --quiet 1 --start 0 --dtype float16 --output_data """" --memory_peak 1 --nvtx 0 --dump_ort 0 --split_process 0 --part """"]"
DebertaForMaskedLM-custom,2024-07-27,,"onnxruntime/capi/onnxruntime_validation.py:114: UserWarning:  [0;93m2024-07-27 10:34:12.149904924 [W:onnxruntime:_ graph.cc:108 MergeShapeInfo] 'cross_entropy_loss' source:{} target:{4096_50265}. [0;93m2024-07-2...",12,22.651019600976724,7.0,40,2024-07-27,cuda,Tesla V100-SXM2-32GB,0.0087890625,6.35546875,float16,dum_hg,0,0,/usr/bin/python3,custom,dum_hg/DebertaForMaskedLM-custom-cuda-torch.float16/model.onnx,False,True,False,True,0,x86_64,0,256251904,1094605824,1094605824,1094605824,264771584,264995840.0,264771584.0,264771584.0,264771584.0,264771584.0,264771584.0,1350.41015625,1968.74609375,2053.5625,2053.5625,2053.5625,817,2053.5625,277.5625,277.5625,277.5625,817,277.5625,277.5625,277.5625,277.5625,817,277.5625,277.5625,277.5625,277.5625,817,277.5625,277.5625,277.5625,277.5625,817,277.5625,277.5625,277.5625,277.5625,817,277.5625,277.5625,277.5625,277.5625,817,277.5625,277.5625,277.5625,277.5625,817,277.5625,1444.1373116202572,817,1,DebertaForMaskedLM,DebertaForMaskedLM,0,164481.0,args_0|args_5,1.0,0.0,316.0,2.0,1086.0,2.0,0.0,0.0,output_0|output_1,152.0,100.0,,1.0,,51.0,,,13.0,,2.0,186.0,,74.0,66.0,12.0,26.0,,52.0,50.0,,12.0,1.0,12.0,38.0,1.0,51.0,,110.0,,52.0,24.0,316.0,0.0,76.0,,99.0,,,12.0,,,12.0,1.0,,24.0,37.0,,2.0,,,13.0,1.0,24.0,50.0,,12.0,12.0,24.0,50.0,39.0,,1.0,48.0,25.0,,,25.0,12.0,12.0,37.0,1.0,50.0,,12.0,,52.0,50.0,36.0,,,4.23888144039936e+16,float16,124685913,,x86_64,CUDAExecutionProvider/CPUExecutionProvider,1,30,1.3017126176329652,0.3017126176329652,1.3243671670803279,0,0,HuggingFace,18,8.374352335988078,8.374996750964783,0.03232454076836196,0.04207726257736795,0.04307775502093136,0.04282272502314299,0.02175838203402236,0.02175838203402236/0.04259509404073469/0.0427304882206954/0.04276724623050541/0.042798514617606996/0.04282272502314299/0.04283637561602518/0.042864196712616834/0.0428856362355873/0.04292408446781337/0.04307775502093136,0.003781493633137083,0.03253563598264009,0.03233448101673275,0.03196302201831713,0.03196302201831713/0.03219399786321446/0.03223332803463563/0.032281890005106104/0.03230781041784212/0.03233448101673275/0.032371831382624804/0.03239271267666481/0.032435293006710705/0.03244853307842277/0.03253563598264009,0.00012076034847857681,2.7551287740352564,1.0339188720099628,16.434001979010645,0.03627333000185899,0.05729965019854717,1,3.9.19,1.17.0,1.19.0+cu118,0.1.0.dev20240612,2.5.0.dev20240726+cu118,4.37.2,10,"onnxruntime/capi/onnxruntime_validation.py:114: UserWarning:  [0;93m2024-07-27 10:34:12.149904924 [W:onnxruntime:_ graph.cc:108 MergeShapeInfo] 'cross_entropy_loss' source:{} target:{4096_50265}. [0;93m2024-07-2...",[bash_bench_huggingface] start -- device=cuda -- dtype=float16 -- dump_folder=dum_hg -- dump_ort=0 -- dynamic=0 -- exporter=custom -- memory_peak=1 -- model=DebertaForMaskedLM -- nvtx=0 -- opt_patterns= -- output_data= -- part= -- process=0 -- quiet=1 -- repeat=30 -- split_process=0 -- start=0 -- target_opset=18 -- verbose=1 -- warmup=10 -- Running model 'DebertaForMaskedLM' -- [BenchmarkRunner.benchmark] test model 'DebertaForMaskedLM' with exporter='custom' -- [benchmarkrunner.benchmark] model...,"[/usr/bin/python3 -m experimental_experiment.torch_bench.bash_bench_huggingface --repeat 30 --warmup 10 --model DebertaForMaskedLM --exporter custom --device cuda --dynamic 0 --target_opset 18 --verbose 1 --opt_patterns """" --dump_folder dum_hg --quiet 1 --start 0 --dtype float16 --output_data """" --memory_peak 1 --nvtx 0 --dump_ort 0 --split_process 0 --part """"]"
