_index,DATE,ERR_export,ERR_ort,ERR_warmup,ERR_warmup_eager,ITER,TIME_ITER,capability,cpu,date_start,device,device_name,discrepancies_abs,discrepancies_rel,dtype,dump_folder,dynamic,executable,exporter,filename,flag_fake_tensor,flag_no_grad,flag_training,has_cuda,input_size,machine,mema_gpu_0_before_loading,mema_gpu_1_after_loading,mema_gpu_2_after_warmup,mema_gpu_3_empty_cache,mema_gpu_4_after_repeat,mema_gpu_5_after_export,mema_gpu_6_after_gcollect,mema_gpu_7_after_session,mema_gpu_8_after_export_warmup,mema_gpu_9_after_export_repeat,memory_begin,memory_end,memory_gpu0_begin,memory_gpu0_end,memory_gpu0_mean,memory_gpu0_n,memory_gpu0_peak,memory_gpu1_begin,memory_gpu1_end,memory_gpu1_mean,memory_gpu1_n,memory_gpu1_peak,memory_gpu2_begin,memory_gpu2_end,memory_gpu2_mean,memory_gpu2_n,memory_gpu2_peak,memory_gpu3_begin,memory_gpu3_end,memory_gpu3_mean,memory_gpu3_n,memory_gpu3_peak,memory_gpu4_begin,memory_gpu4_end,memory_gpu4_mean,memory_gpu4_n,memory_gpu4_peak,memory_gpu5_begin,memory_gpu5_end,memory_gpu5_mean,memory_gpu5_n,memory_gpu5_peak,memory_gpu6_begin,memory_gpu6_end,memory_gpu6_mean,memory_gpu6_n,memory_gpu6_peak,memory_gpu7_begin,memory_gpu7_end,memory_gpu7_mean,memory_gpu7_n,memory_gpu7_peak,memory_mean,memory_n,memory_peak,model,model_name,onnx_filesize,onnx_input_names,onnx_model,onnx_n_functions,onnx_n_initializer,onnx_n_inputs,onnx_n_nodes,onnx_n_outputs,onnx_n_sequence,onnx_n_sparse_initializer,onnx_optimized,onnx_output_names,op_onnx_Abs,op_onnx_Add,op_onnx_ArgMax,op_onnx_Cast,op_onnx_Clip,op_onnx_Concat,op_onnx_Constant,op_onnx_ConstantOfShape,op_onnx_Conv,op_onnx_Cos,op_onnx_CumSum,op_onnx_Div,op_onnx_Dropout,op_onnx_Einsum,op_onnx_Equal,op_onnx_Erf,op_onnx_Expand,op_onnx_Flatten,op_onnx_Gather,op_onnx_GatherElements,op_onnx_GatherND,op_onnx_Gemm,op_onnx_Greater,op_onnx_Identity,op_onnx_IsInf,op_onnx_LayerNormalization,op_onnx_Less,op_onnx_LessOrEqual,op_onnx_Log,op_onnx_LogSoftmax,op_onnx_MatMul,op_onnx_Max,op_onnx_Min,op_onnx_Mod,op_onnx_Mul,op_onnx_Neg,op_onnx_NonZero,op_onnx_Not,op_onnx_Pad,op_onnx_Pow,op_onnx_Range,op_onnx_Reciprocal,op_onnx_ReduceMean,op_onnx_ReduceSum,op_onnx_Relu,op_onnx_Reshape,op_onnx_ScatterND,op_onnx_Shape,op_onnx_Sin,op_onnx_Slice,op_onnx_Softmax,op_onnx_SoftmaxCrossEntropyLoss,op_onnx_Split,op_onnx_Sqrt,op_onnx_Squeeze,op_onnx_Sub,op_onnx_Tanh,op_onnx_Tile,op_onnx_Transpose,op_onnx_Trilu,op_onnx_Unsqueeze,op_onnx_Where,op_onnx_initializer,op_onnx_pkg.onnxscript.torch_lib_aten_select_scatter,op_onnx_pkg.torch.2.5.0.dev20240709+cu118_torch_nn_modules_linear_Linear_model_cls_predictions_decoder_1,op_onnx_pkg.torch.2.5.0.dev20240709+cu118_torch_nn_modules_linear_Linear_model_generator_lm_head_1,op_onnx_pkg.torch.2.5.0.dev20240709+cu118_torch_nn_modules_linear_Linear_model_lm_head_1,op_onnx_pkg.torch.2.5.0.dev20240709+cu118_torch_nn_modules_linear_Linear_model_qa_outputs_1,op_onnx_pkg.transformers.4.37.2_transformers_models_albert_modeling_albert_AlbertMLMHead_model_predictions_1,op_onnx_pkg.transformers.4.37.2_transformers_models_albert_modeling_albert_AlbertModel_model_albert_1,op_onnx_pkg.transformers.4.37.2_transformers_models_bart_modeling_bart_BartDecoder_model_model_decoder_1,op_onnx_pkg.transformers.4.37.2_transformers_models_bert_modeling_bert_BertModel_model_bert_1,op_onnx_pkg.transformers.4.37.2_transformers_models_bert_modeling_bert_BertPredictionHeadTransform_model_cls_predictions_transform_1,op_onnx_pkg.transformers.4.37.2_transformers_models_blenderbot_modeling_blenderbot_BlenderbotDecoder_model_model_decoder_1,op_onnx_pkg.transformers.4.37.2_transformers_models_blenderbot_small_modeling_blenderbot_small_BlenderbotSmallDecoder_model_model_decoder_1,op_onnx_pkg.transformers.4.37.2_transformers_models_camembert_modeling_camembert_CamembertLMHead_model_lm_head_1,op_onnx_pkg.transformers.4.37.2_transformers_models_camembert_modeling_camembert_CamembertModel_model_roberta_1,op_onnx_pkg.transformers.4.37.2_transformers_models_convbert_modeling_convbert_ConvBertGeneratorPredictions_model_generator_predictions_1,op_onnx_pkg.transformers.4.37.2_transformers_models_convbert_modeling_convbert_ConvBertModel_model_convbert_1,op_onnx_pkg.transformers.4.37.2_transformers_models_electra_modeling_electra_ElectraGeneratorPredictions_model_generator_predictions_1,op_onnx_pkg.transformers.4.37.2_transformers_models_electra_modeling_electra_ElectraModel_model_electra_1,op_onnx_pkg.transformers.4.37.2_transformers_models_gpt2_modeling_gpt2_GPT2Model_model_transformer_1,op_onnx_pkg.transformers.4.37.2_transformers_models_gpt_neo_modeling_gpt_neo_GPTNeoModel_model_transformer_1,op_onnx_pkg.transformers.4.37.2_transformers_models_layoutlm_modeling_layoutlm_LayoutLMModel_model_layoutlm_1,op_onnx_pkg.transformers.4.37.2_transformers_models_layoutlm_modeling_layoutlm_LayoutLMPredictionHeadTransform_model_cls_predictions_transform_1,op_onnx_pkg.transformers.4.37.2_transformers_models_mbart_modeling_mbart_MBartDecoder_model_model_decoder_1,op_onnx_pkg.transformers.4.37.2_transformers_models_megatron_bert_modeling_megatron_bert_MegatronBertModel_model_bert_1,op_onnx_pkg.transformers.4.37.2_transformers_models_megatron_bert_modeling_megatron_bert_MegatronBertPredictionHeadTransform_model_cls_predictions_transform_1,op_onnx_pkg.transformers.4.37.2_transformers_models_mobilebert_modeling_mobilebert_MobileBertLMPredictionHead_model_cls_predictions_1,op_onnx_pkg.transformers.4.37.2_transformers_models_mobilebert_modeling_mobilebert_MobileBertModel_model_mobilebert_1,op_onnx_pkg.transformers.4.37.2_transformers_models_mt5_modeling_mt5_MT5Stack_model_decoder_1,op_onnx_pkg.transformers.4.37.2_transformers_models_mt5_modeling_mt5_MT5Stack_model_encoder_1,op_onnx_pkg.transformers.4.37.2_transformers_models_opt_modeling_opt_OPTDecoder_model_model_decoder_1,op_onnx_pkg.transformers.4.37.2_transformers_models_pegasus_modeling_pegasus_PegasusDecoder_model_model_decoder_1,op_onnx_pkg.transformers.4.37.2_transformers_models_phi_modeling_phi_PhiModel_model_model_1,op_onnx_pkg.transformers.4.37.2_transformers_models_plbart_modeling_plbart_PLBartDecoder_model_model_decoder_1,op_onnx_pkg.transformers.4.37.2_transformers_models_roberta_modeling_roberta_RobertaLMHead_model_lm_head_1,op_onnx_pkg.transformers.4.37.2_transformers_models_roberta_modeling_roberta_RobertaModel_model_roberta_1,op_onnx_pkg.transformers.4.37.2_transformers_models_speech_to_text_2_modeling_speech_to_text_2_Speech2Text2Decoder_model_model_decoder_1,op_onnx_pkg.transformers.4.37.2_transformers_models_t5_modeling_t5_T5Stack_model_decoder_1,op_onnx_pkg.transformers.4.37.2_transformers_models_t5_modeling_t5_T5Stack_model_encoder_1,op_onnx_pkg.transformers.4.37.2_transformers_models_trocr_modeling_trocr_TrOCRDecoder_model_model_decoder_1,op_onnx_pkg.transformers.4.37.2_transformers_models_xglm_modeling_xglm_XGLMModel_model_model_1,op_onnx_sparse_initializer,op_torch_aten._to_copy.default,op_torch_aten._unsafe_view.default,op_torch_aten.add.Tensor,op_torch_aten.addmm.default,op_torch_aten.arange.default,op_torch_aten.arange.start,op_torch_aten.arange.start_step,op_torch_aten.argmax.default,op_torch_aten.bitwise_not.default,op_torch_aten.bmm.default,op_torch_aten.cat.default,op_torch_aten.clamp.default,op_torch_aten.clone.default,op_torch_aten.cos.default,op_torch_aten.cross_entropy_loss.default,op_torch_aten.cumsum.default,op_torch_aten.detach.default,op_torch_aten.div.Tensor,op_torch_aten.dropout.default,op_torch_aten.einsum.default,op_torch_aten.embedding.default,op_torch_aten.eq.Scalar,op_torch_aten.expand.default,op_torch_aten.full.default,op_torch_aten.gelu.default,op_torch_aten.index.Tensor,op_torch_aten.index_select.default,op_torch_aten.layer_norm.default,op_torch_aten.lift_fresh_copy.default,op_torch_aten.linear.default,op_torch_aten.lt.Tensor,op_torch_aten.masked_fill.Scalar,op_torch_aten.masked_fill.Tensor,op_torch_aten.matmul.default,op_torch_aten.max.other,op_torch_aten.mean.dim,op_torch_aten.mul.Tensor,op_torch_aten.ne.Scalar,op_torch_aten.neg.default,op_torch_aten.ones.default,op_torch_aten.permute.default,op_torch_aten.pow.Scalar,op_torch_aten.pow.Tensor_Scalar,op_torch_aten.reciprocal.default,op_torch_aten.relu.default,op_torch_aten.remainder.Scalar,op_torch_aten.rsub.Scalar,op_torch_aten.scaled_dot_product_attention.default,op_torch_aten.select.int,op_torch_aten.sin.default,op_torch_aten.slice.Tensor,op_torch_aten.softmax.int,op_torch_aten.split.Tensor,op_torch_aten.sqrt.default,op_torch_aten.squeeze.dim,op_torch_aten.sub.Tensor,op_torch_aten.tanh.default,op_torch_aten.transpose.int,op_torch_aten.type_as.default,op_torch_aten.unsqueeze.default,op_torch_aten.view.default,op_torch_aten.where.self,op_torch_aten.zeros.default,op_torch_getitem,opt_patterns,output_data,output_size,params_dtype,params_size,process,processor,providers,quiet,repeat,speedup,speedup_increase,start,suite,target_opset,time_export,time_latency,time_latency_eager,time_load,time_session,time_total,time_warmup,time_warmup_eager,verbose,version,version_onnxruntime,version_torch,version_transformers,warmup,ERROR,OUTPUT,CMD
AlbertForMaskedLM-script,2024-07-10,,,,,0,60.975941180993686,7.0,40,2024-07-10,cuda,Tesla V100-SXM2-32GB,0.001953125,1.298828125,float16,dump_bash_bench,0,/usr/bin/python3,script,dump_test_models/AlbertForMaskedLM-script-cuda-torch.float16/model.onnx,False,True,False,True,4096,x86_64,0,412780544,421300224.0,421300224.0,421300224.0,421300224.0,8552448.0,8552448.0,8552448.0,8552448.0,1008.08984375,1429.69921875,1447.5625,1447.5625,1447.5625,0.0032072067260742188,1447.5625,277.5625,277.5625,277.5625,0.0032072067260742188,277.5625,277.5625,277.5625,277.5625,0.0032072067260742188,277.5625,277.5625,277.5625,277.5625,0.0032072067260742188,277.5625,277.5625,277.5625,277.5625,0.0032072067260742188,277.5625,277.5625,277.5625,277.5625,0.0032072067260742188,277.5625,277.5625,277.5625,277.5625,0.0032072067260742188,277.5625,277.5625,277.5625,277.5625,0.0032072067260742188,277.5625,1157.7628802873178,0.0032072067260742188,1,AlbertForMaskedLM,AlbertForMaskedLM,413052390.0,input.1|onnx::Reshape_1,1.0,0.0,17.0,2.0,1144.0,2.0,0.0,0.0,0.0,1162|onnx::Reshape_1157,,139.0,,,,49.0,364.0,1.0,,,,12.0,,,1.0,,1.0,,3.0,,,,,11.0,,26.0,,,,,99.0,,,,53.0,,,,,13.0,,,,,,51.0,,13.0,,12.0,12.0,1.0,,,,,13.0,,123.0,,146.0,1.0,17.0,,,,,,,,,,,,,,,,,,,,,,,,,,,,,,,,,,,,,,,,,0.0,,,,,,,,,,,,,,,,,,,,,,,,,,,,,,,,,,,,,,,,,,,,,,,,,,,,,,,,,,,,,,,,,,output_data_bash_bench_huggingface.py.csv,61440001.0,float16,206368944,0,x86_64,CUDAExecutionProvider_CPUExecutionProvider,1,30,1.2141545621196523,0.21415456211965234,0,HuggingFace,18,34.52321640399168,0.128962179433438,0.15658001850000194,2.6953795469889883,4.65929059300106,54.66698417899897,0.13057872600038536,0.16354356329975417,1,3.9.19,1.19.0+cu118,2.5.0.dev20240709+cu118,4.37.2,10,/home/xadupre/.local/lib/python3.9/site-packages/huggingface_hub/file_download.py:1132: FutureWarning: `resume_download` is deprecated and will be removed in version 1.0.0. Downloads always resume when possible. If you want to force a new download_ use `force_download=True`. --   warnings.warn( -- ,[bash_bench_huggingface] start -- device=cuda -- dtype=float16 -- dump_folder=dump_bash_bench -- dynamic=0 -- exporter=script -- memory_peak=1 -- model=AlbertForMaskedLM -- opt_patterns= -- output_data=output_data_bash_bench_huggingface.py.csv -- process=0 -- quiet=1 -- repeat=30 -- start=0 -- targe,"[/usr/bin/python3 -m experimental_experiment.torch_bench.bash_bench_huggingface --repeat 30 --warmup 10 --model AlbertForMaskedLM --exporter script --process 0 --device cuda --dynamic 0 --target_opset 18 --verbose 1 --opt_patterns """" --dump_folder dump_bash_bench --quiet 1 --start 0 --dtype float16 "
AlbertForMaskedLM-dynamo2,2024-07-10,,,,,1,48.55836902800365,7.0,40,2024-07-10,cuda,Tesla V100-SXM2-32GB,0.001953125,1.31640625,float16,dump_bash_bench,0,/usr/bin/python3,dynamo2,dump_test_models/AlbertForMaskedLM-dynamo2-cuda-torch.float16/model.onnx,False,True,False,True,4096,x86_64,0,412780544,421300224.0,421300224.0,421300224.0,421300224.0,8552448.0,8552448.0,8552448.0,8552448.0,1008.08984375,3102.86328125,1447.5625,1835.5625,1823.4596092601666,0.0019464492797851562,1835.5625,277.5625,277.5625,277.5625,0.0019464492797851562,277.5625,277.5625,277.5625,277.5625,0.0019464492797851562,277.5625,277.5625,277.5625,277.5625,0.0019464492797851562,277.5625,277.5625,277.5625,277.5625,0.0019464492797851562,277.5625,277.5625,277.5625,277.5625,0.0019464492797851562,277.5625,277.5625,277.5625,277.5625,0.0019464492797851562,277.5625,277.5625,277.5625,277.5625,0.0019464492797851562,277.5625,2110.198964202597,0.0019464492797851562,1,AlbertForMaskedLM,AlbertForMaskedLM,416033178.0,l_args_0_|l_args_6_,1.0,104.0,30.0,2.0,34.0,2.0,0.0,0.0,0.0,div_12|model_predictions_1,,,,5.0,,,9.0,,,,,1.0,,,3.0,,,,,1.0,,,,,,,,,,1.0,,,,,,1.0,,3.0,,,,,,2.0,,2.0,,,,,,,,,1.0,,,,,,1.0,2.0,30.0,,,,,,1.0,1.0,,,,,,,,,,,,,,,,,,,,,,,,,,,,,,,,,,0.0,,,,,,,,,,,,,,,,,,,,,,,,,,,,,,,,,,,,,,,,,,,,,,,,,,,,,,,,,,,,,,,,,,output_data_bash_bench_huggingface.py.csv,61440001.0,float16,206368944,0,x86_64,CUDAExecutionProvider_CPUExecutionProvider,1,30,1.023583907635891,0.02358390763589102,0,HuggingFace,18,20.92478305500117,0.1537691840334446,0.1573956622669357,2.6956472400052007,4.856841287008137,42.369914570997935,0.16009567610017256,0.16285691730008695,1,3.9.19,1.19.0+cu118,2.5.0.dev20240709+cu118,4.37.2,10,/home/xadupre/.local/lib/python3.9/site-packages/huggingface_hub/file_download.py:1132: FutureWarning: `resume_download` is deprecated and will be removed in version 1.0.0. Downloads always resume when possible. If you want to force a new download_ use `force_download=True`. --   warnings.warn( -- /,[bash_bench_huggingface] start -- device=cuda -- dtype=float16 -- dump_folder=dump_bash_bench -- dynamic=0 -- exporter=dynamo2 -- memory_peak=1 -- model=AlbertForMaskedLM -- opt_patterns= -- output_data=output_data_bash_bench_huggingface.py.csv -- process=0 -- quiet=1 -- repeat=30 -- start=0 -- targ,"[/usr/bin/python3 -m experimental_experiment.torch_bench.bash_bench_huggingface --repeat 30 --warmup 10 --model AlbertForMaskedLM --exporter dynamo2 --process 0 --device cuda --dynamic 0 --target_opset 18 --verbose 1 --opt_patterns """" --dump_folder dump_bash_bench --quiet 1 --start 0 --dtype float16"
AlbertForMaskedLM-custom,2024-07-10,,,,,2,32.55270796599507,7.0,40,2024-07-10,cuda,Tesla V100-SXM2-32GB,0.00244140625,1.517578125,float16,dump_bash_bench,0,/usr/bin/python3,custom,dump_test_models/AlbertForMaskedLM-custom-cuda-torch.float16/model.onnx,False,True,False,True,4096,x86_64,0,412780544,421300224.0,421300224.0,421300224.0,421300224.0,421300224.0,421300224.0,421300224.0,421300224.0,1008.4453125,6072.54296875,1447.5625,1835.5625,1804.066817789292,0.0005521774291992188,1835.5625,277.5625,277.5625,277.5625,0.0005521774291992188,277.5625,277.5625,277.5625,277.5625,0.0005521774291992188,277.5625,277.5625,277.5625,277.5625,0.0005521774291992188,277.5625,277.5625,277.5625,277.5625,0.0005521774291992188,277.5625,277.5625,277.5625,277.5625,0.0005521774291992188,277.5625,277.5625,277.5625,277.5625,0.0005521774291992188,277.5625,277.5625,277.5625,277.5625,0.0005521774291992188,277.5625,2296.2721151770293,0.0005521774291992188,1,AlbertForMaskedLM,AlbertForMaskedLM,124129.0,args_0|args_6,1.0,0.0,219.0,2.0,877.0,2.0,0.0,0.0,,output_0|output_1,,191.0,,41.0,,,,1.0,,,,38.0,25.0,,,,1.0,,3.0,,,,,42.0,,,,,,,99.0,,,,79.0,,,,,39.0,,,52.0,,,50.0,,,,,12.0,1.0,,26.0,,27.0,13.0,,135.0,,2.0,,219.0,,,,,,,,,,,,,,,,,,,,,,,,,,,,,,,,,,,,,,,,,0.0,1.0,12.0,64.0,,,,,,,,,,12.0,,1.0,,,12.0,25.0,,3.0,,1.0,,,,,26.0,,75.0,,,,24.0,,,53.0,,,1.0,36.0,,13.0,,,,1.0,,,,2.0,12.0,,,,,13.0,24.0,,2.0,38.0,,,,,output_data_bash_bench_huggingface.py.csv,61440001.0,float16,206368944,0,x86_64,CUDAExecutionProvider_CPUExecutionProvider,1,30,1.137829414579966,0.1378294145799659,0,HuggingFace,18,5.9717033909983,0.1392075532329424,0.15839444880014827,2.698643517011078,4.465763865999179,26.050425553999958,0.14292979750025553,0.1641291481006192,1,3.9.19,1.19.0+cu118,2.5.0.dev20240709+cu118,4.37.2,10,/home/xadupre/.local/lib/python3.9/site-packages/huggingface_hub/file_download.py:1132: FutureWarning: `resume_download` is deprecated and will be removed in version 1.0.0. Downloads always resume when possible. If you want to force a new download_ use `force_download=True`. --   warnings.warn( -- [,[bash_bench_huggingface] start -- device=cuda -- dtype=float16 -- dump_folder=dump_bash_bench -- dynamic=0 -- exporter=custom -- memory_peak=1 -- model=AlbertForMaskedLM -- opt_patterns= -- output_data=output_data_bash_bench_huggingface.py.csv -- process=0 -- quiet=1 -- repeat=30 -- start=0 -- targe,"[/usr/bin/python3 -m experimental_experiment.torch_bench.bash_bench_huggingface --repeat 30 --warmup 10 --model AlbertForMaskedLM --exporter custom --process 0 --device cuda --dynamic 0 --target_opset 18 --verbose 1 --opt_patterns """" --dump_folder dump_bash_bench --quiet 1 --start 0 --dtype float16 "
AlbertForQuestionAnswering-script,2024-07-10,,,,,3,60.74972374699428,7.0,40,2024-07-10,cuda,Tesla V100-SXM2-32GB,0.00543212890625,0.12261962890625,float16,dump_bash_bench,0,/usr/bin/python3,script,dump_test_models/AlbertForQuestionAnswering-script-cuda-torch.float16/model.onnx,False,True,False,True,2056,x86_64,0,411671552,420191232.0,420191232.0,420191232.0,420191232.0,8537088.0,8537088.0,8537088.0,8537088.0,903.109375,1323.6953125,1445.5625,1445.5625,1445.5625,0.0031795501708984375,1445.5625,277.5625,277.5625,277.5625,0.0031795501708984375,277.5625,277.5625,277.5625,277.5625,0.0031795501708984375,277.5625,277.5625,277.5625,277.5625,0.0031795501708984375,277.5625,277.5625,277.5625,277.5625,0.0031795501708984375,277.5625,277.5625,277.5625,277.5625,0.0031795501708984375,277.5625,277.5625,277.5625,277.5625,0.0031795501708984375,277.5625,277.5625,277.5625,277.5625,0.0031795501708984375,277.5625,1057.09779567524,0.0031795501708984375,1,AlbertForQuestionAnswering,AlbertForQuestionAnswering,411958612.0,input.1|onnx::Clip_1|onnx::Clip_2,1.0,0.0,17.0,3.0,1138.0,3.0,0.0,0.0,0.0,1158|onnx::SoftmaxCrossEntropyLoss_1144|onnx::SoftmaxCrossEntropyLoss_1146,,137.0,,4.0,2.0,49.0,363.0,1.0,,,,13.0,,,1.0,,1.0,,3.0,,,,,8.0,,25.0,,,,,98.0,,,,49.0,,,,,12.0,,,,,,49.0,,13.0,,12.0,12.0,2.0,1.0,,2.0,,12.0,,122.0,,146.0,1.0,17.0,,,,,,,,,,,,,,,,,,,,,,,,,,,,,,,,,,,,,,,,,0.0,,,,,,,,,,,,,,,,,,,,,,,,,,,,,,,,,,,,,,,,,,,,,,,,,,,,,,,,,,,,,,,,,,output_data_bash_bench_huggingface.py.csv,4097.0,float16,205822466,0,x86_64,CUDAExecutionProvider_CPUExecutionProvider,1,30,1.2208287001189075,0.22082870011890754,0,HuggingFace,18,34.22073192500102,0.12909843973320675,0.15760708036686993,2.671128003988997,4.726502591001918,54.355640888999915,0.13359068249992562,0.1653206697999849,1,3.9.19,1.19.0+cu118,2.5.0.dev20240709+cu118,4.37.2,10,/home/xadupre/.local/lib/python3.9/site-packages/huggingface_hub/file_download.py:1132: FutureWarning: `resume_download` is deprecated and will be removed in version 1.0.0. Downloads always resume when possible. If you want to force a new download_ use `force_download=True`. --   warnings.warn( -- ,[bash_bench_huggingface] start -- device=cuda -- dtype=float16 -- dump_folder=dump_bash_bench -- dynamic=0 -- exporter=script -- memory_peak=1 -- model=AlbertForQuestionAnswering -- opt_patterns= -- output_data=output_data_bash_bench_huggingface.py.csv -- process=0 -- quiet=1 -- repeat=30 -- start=0,"[/usr/bin/python3 -m experimental_experiment.torch_bench.bash_bench_huggingface --repeat 30 --warmup 10 --model AlbertForQuestionAnswering --exporter script --process 0 --device cuda --dynamic 0 --target_opset 18 --verbose 1 --opt_patterns """" --dump_folder dump_bash_bench --quiet 1 --start 0 --dtype"
AlbertForQuestionAnswering-dynamo2,2024-07-10,,,,,4,47.93213378700602,7.0,40,2024-07-10,cuda,Tesla V100-SXM2-32GB,0.0057373046875,0.126953125,float16,dump_bash_bench,0,/usr/bin/python3,dynamo2,dump_test_models/AlbertForQuestionAnswering-dynamo2-cuda-torch.float16/model.onnx,False,True,False,True,2056,x86_64,0,411671552,420191232.0,420191232.0,420191232.0,420191232.0,8537088.0,8537088.0,8537088.0,8537088.0,905.5703125,2984.05859375,1445.5625,1833.5625,1821.3527097902097,0.0019092559814453125,1833.5625,277.5625,277.5625,277.5625,0.0019092559814453125,277.5625,277.5625,277.5625,277.5625,0.0019092559814453125,277.5625,277.5625,277.5625,277.5625,0.0019092559814453125,277.5625,277.5625,277.5625,277.5625,0.0019092559814453125,277.5625,277.5625,277.5625,277.5625,0.0019092559814453125,277.5625,277.5625,277.5625,277.5625,0.0019092559814453125,277.5625,277.5625,277.5625,277.5625,0.0019092559814453125,277.5625,2005.5257028128121,0.0019092559814453125,1,AlbertForQuestionAnswering,AlbertForQuestionAnswering,413903835.0,l_args_0_|l_args_6_|l_args_7_,1.0,101.0,27.0,3.0,76.0,3.0,0.0,0.0,0.0,div_14|clone_73|clone_74,,1.0,,10.0,,,21.0,,,,,3.0,,,6.0,,,,,2.0,,,,2.0,,,,,,2.0,,2.0,2.0,,,2.0,,6.0,,,,,,4.0,,,,,,,,,1.0,,4.0,,,,,,2.0,4.0,27.0,,,,,1.0,,1.0,,,,,,,,,,,,,,,,,,,,,,,,,,,,,,,,,,0.0,,,,,,,,,,,,,,,,,,,,,,,,,,,,,,,,,,,,,,,,,,,,,,,,,,,,,,,,,,,,,,,,,,output_data_bash_bench_huggingface.py.csv,4097.0,float16,205822466,0,x86_64,CUDAExecutionProvider_CPUExecutionProvider,1,30,1.0223998794300113,0.022399879430011316,0,HuggingFace,18,20.51538199800416,0.15391968563296057,0.15736746803304413,2.641331877995981,4.751650766003877,41.68969515200297,0.16066316120122792,0.16403085500060116,1,3.9.19,1.19.0+cu118,2.5.0.dev20240709+cu118,4.37.2,10,/home/xadupre/.local/lib/python3.9/site-packages/huggingface_hub/file_download.py:1132: FutureWarning: `resume_download` is deprecated and will be removed in version 1.0.0. Downloads always resume when possible. If you want to force a new download_ use `force_download=True`. --   warnings.warn( -- /,[bash_bench_huggingface] start -- device=cuda -- dtype=float16 -- dump_folder=dump_bash_bench -- dynamic=0 -- exporter=dynamo2 -- memory_peak=1 -- model=AlbertForQuestionAnswering -- opt_patterns= -- output_data=output_data_bash_bench_huggingface.py.csv -- process=0 -- quiet=1 -- repeat=30 -- start=,"[/usr/bin/python3 -m experimental_experiment.torch_bench.bash_bench_huggingface --repeat 30 --warmup 10 --model AlbertForQuestionAnswering --exporter dynamo2 --process 0 --device cuda --dynamic 0 --target_opset 18 --verbose 1 --opt_patterns """" --dump_folder dump_bash_bench --quiet 1 --start 0 --dtyp"
AlbertForQuestionAnswering-custom,2024-07-10,,,,,5,31.82321347000834,7.0,40,2024-07-10,cuda,Tesla V100-SXM2-32GB,0.00543212890625,0.12298583984375,float16,dump_bash_bench,0,/usr/bin/python3,custom,dump_test_models/AlbertForQuestionAnswering-custom-cuda-torch.float16/model.onnx,False,True,False,True,2056,x86_64,0,411671552,420191232.0,420191232.0,420191232.0,420191232.0,420191232.0,420191232.0,420191232.0,420191232.0,905.1015625,5929.84765625,1445.5625,1833.5625,1799.2262168141592,0.0005388259887695312,1833.5625,277.5625,277.5625,277.5625,0.0005388259887695312,277.5625,277.5625,277.5625,277.5625,0.0005388259887695312,277.5625,277.5625,277.5625,277.5625,0.0005388259887695312,277.5625,277.5625,277.5625,277.5625,0.0005388259887695312,277.5625,277.5625,277.5625,277.5625,0.0005388259887695312,277.5625,277.5625,277.5625,277.5625,0.0005388259887695312,277.5625,277.5625,277.5625,277.5625,0.0005388259887695312,277.5625,2161.447884402655,0.0005388259887695312,1,AlbertForQuestionAnswering,AlbertForQuestionAnswering,121696.0,args_0|args_6|args_7,1.0,0.0,210.0,3.0,866.0,3.0,0.0,0.0,,output_0|output_1|output_2,,187.0,,38.0,2.0,,,1.0,,,,38.0,25.0,,,,1.0,,3.0,,,,,48.0,,,,,,,98.0,,,,74.0,,,,,37.0,,,50.0,,,48.0,,,,,12.0,2.0,1.0,25.0,2.0,26.0,12.0,,134.0,,2.0,,210.0,,,,,,,,,,,,,,,,,,,,,,,,,,,,,,,,,,,,,,,,,0.0,1.0,12.0,63.0,,,,,,,,,2.0,14.0,,2.0,,,13.0,25.0,,3.0,,1.0,,,,,25.0,,74.0,,,,24.0,,,49.0,,,1.0,36.0,,12.0,,,,1.0,,,,2.0,12.0,1.0,,2.0,,12.0,24.0,,2.0,36.0,,,2.0,,output_data_bash_bench_huggingface.py.csv,4097.0,float16,205822466,0,x86_64,CUDAExecutionProvider_CPUExecutionProvider,1,30,1.1418189893081205,0.14181898930812054,0,HuggingFace,18,5.855770935988403,0.13796274600026665,0.1575284832001974,2.6378775860066526,4.40383998901234,25.59242536300735,0.14197227609984112,0.16432491960003973,1,3.9.19,1.19.0+cu118,2.5.0.dev20240709+cu118,4.37.2,10,/home/xadupre/.local/lib/python3.9/site-packages/huggingface_hub/file_download.py:1132: FutureWarning: `resume_download` is deprecated and will be removed in version 1.0.0. Downloads always resume when possible. If you want to force a new download_ use `force_download=True`. --   warnings.warn( -- [,[bash_bench_huggingface] start -- device=cuda -- dtype=float16 -- dump_folder=dump_bash_bench -- dynamic=0 -- exporter=custom -- memory_peak=1 -- model=AlbertForQuestionAnswering -- opt_patterns= -- output_data=output_data_bash_bench_huggingface.py.csv -- process=0 -- quiet=1 -- repeat=30 -- start=0,"[/usr/bin/python3 -m experimental_experiment.torch_bench.bash_bench_huggingface --repeat 30 --warmup 10 --model AlbertForQuestionAnswering --exporter custom --process 0 --device cuda --dynamic 0 --target_opset 18 --verbose 1 --opt_patterns """" --dump_folder dump_bash_bench --quiet 1 --start 0 --dtype"
AllenaiLongformerBase-script,2024-07-10,,,,,6,139.80682596800034,7.0,40,2024-07-10,cuda,Tesla V100-SXM2-32GB,0.064453125,41.15625,float16,dump_bash_bench,0,/usr/bin/python3,script,dump_test_models/AllenaiLongformerBase-script-cuda-torch.float16/model.onnx,False,True,False,True,8192,x86_64,0,306654720,315174400.0,315174400.0,315174400.0,315174400.0,8585216.0,8585216.0,8585216.0,8585216.0,1413.84765625,1870.81640625,2161.5625,2161.5625,2161.5625,0.0032596588134765625,2161.5625,277.5625,277.5625,277.5625,0.0032596588134765625,277.5625,277.5625,277.5625,277.5625,0.0032596588134765625,277.5625,277.5625,277.5625,277.5625,0.0032596588134765625,277.5625,277.5625,277.5625,277.5625,0.0032596588134765625,277.5625,277.5625,277.5625,277.5625,0.0032596588134765625,277.5625,277.5625,277.5625,277.5625,0.0032596588134765625,277.5625,277.5625,277.5625,277.5625,0.0032596588134765625,277.5625,4278.214058614321,0.0032596588134765625,1,AllenaiLongformerBase,AllenaiLongformerBase,8083567.0,input_ids|onnx::Cast_1,1.0,0.0,80.0,2.0,26599.0,2.0,0.0,0.0,0.0,26753|onnx::Reshape_26747,,738.0,,664.0,,900.0,10334.0,912.0,,,1.0,25.0,,36.0,625.0,13.0,768.0,,495.0,,,,,122.0,,26.0,,,,,74.0,,,2.0,939.0,,240.0,1.0,48.0,,,,,,,842.0,144.0,1200.0,,817.0,12.0,1.0,,,288.0,50.0,,,470.0,24.0,5104.0,684.0,80.0,,,,,,,,,,,,,,,,,,,,,,,,,,,,,,,,,,,,,,,,,0.0,,,,,,,,,,,,,,,,,,,,,,,,,,,,,,,,,,,,,,,,,,,,,,,,,,,,,,,,,,,,,,,,,,output_data_bash_bench_huggingface.py.csv,205885441.0,float16,148711257,0,x86_64,CUDAExecutionProvider_CPUExecutionProvider,1,30,0.366067442497938,-0.633932557502062,0,HuggingFace,18,35.169945474001,0.18441245873303463,0.06750739713315852,2.8098878810124006,83.985121153004,133.28757767500065,0.1900862420006888,0.08030472579994238,1,3.9.19,1.19.0+cu118,2.5.0.dev20240709+cu118,4.37.2,10,/home/xadupre/.local/lib/python3.9/site-packages/huggingface_hub/file_download.py:1132: FutureWarning: `resume_download` is deprecated and will be removed in version 1.0.0. Downloads always resume when possible. If you want to force a new download_ use `force_download=True`. --   warnings.warn( -- /,[bash_bench_huggingface] start -- device=cuda -- dtype=float16 -- dump_folder=dump_bash_bench -- dynamic=0 -- exporter=script -- memory_peak=1 -- model=AllenaiLongformerBase -- opt_patterns= -- output_data=output_data_bash_bench_huggingface.py.csv -- process=0 -- quiet=1 -- repeat=30 -- start=0 -- t,"[/usr/bin/python3 -m experimental_experiment.torch_bench.bash_bench_huggingface --repeat 30 --warmup 10 --model AllenaiLongformerBase --exporter script --process 0 --device cuda --dynamic 0 --target_opset 18 --verbose 1 --opt_patterns """" --dump_folder dump_bash_bench --quiet 1 --start 0 --dtype floa"
AllenaiLongformerBase-dynamo2,2024-07-10,Failed to export the model to ONNX. Generating SARIF report at 'report_dynamo_export.sarif'. SARIF is a standard format for the output of static analysis tools. SARIF logs can be loaded in VS Code SARIF viewer extension_ or SARIF web viewer (https://microsoft.github.io/sarif-web-component/). Please ,,,,7,13.35154411199619,7.0,40,2024-07-10,cuda,Tesla V100-SXM2-32GB,,,float16,dump_bash_bench,0,/usr/bin/python3,dynamo2,,False,True,False,True,8192,x86_64,0,306654720,315174400.0,315174400.0,315174400.0,,,,,,1413.9453125,1432.25390625,2161.5625,2161.5625,2161.5625,9.441375732421875e-05,2161.5625,277.5625,277.5625,277.5625,9.441375732421875e-05,277.5625,277.5625,277.5625,277.5625,9.441375732421875e-05,277.5625,277.5625,277.5625,277.5625,9.441375732421875e-05,277.5625,277.5625,277.5625,277.5625,9.441375732421875e-05,277.5625,277.5625,277.5625,277.5625,9.441375732421875e-05,277.5625,277.5625,277.5625,277.5625,9.441375732421875e-05,277.5625,277.5625,277.5625,277.5625,9.441375732421875e-05,277.5625,1423.873776830808,9.441375732421875e-05,1,AllenaiLongformerBase,AllenaiLongformerBase,,,,,,,,,,,,,,,,,,,,,,,,,,,,,,,,,,,,,,,,,,,,,,,,,,,,,,,,,,,,,,,,,,,,,,,,,,,,,,,,,,,,,,,,,,,,,,,,,,,,,,,,,,,,,,,,,,,,,,,,,,,,,,,,,,,,,,,,,,,,,,,,,,,,,,,,,,,,,,,,,,,,,,,,,,,,,,,,,,,,,,output_data_bash_bench_huggingface.py.csv,205885441.0,float16,148711257,0,x86_64,,1,30,,,0,HuggingFace,18,1.003324690987938,,0.06760151376656723,2.739559202993405,,,,0.080638926399115,1,3.9.19,1.19.0+cu118,2.5.0.dev20240709+cu118,4.37.2,10,/home/xadupre/.local/lib/python3.9/site-packages/huggingface_hub/file_download.py:1132: FutureWarning: `resume_download` is deprecated and will be removed in version 1.0.0. Downloads always resume when possible. If you want to force a new download_ use `force_download=True`. --   warnings.warn( -- /,[bash_bench_huggingface] start -- device=cuda -- dtype=float16 -- dump_folder=dump_bash_bench -- dynamic=0 -- exporter=dynamo2 -- memory_peak=1 -- model=AllenaiLongformerBase -- opt_patterns= -- output_data=output_data_bash_bench_huggingface.py.csv -- process=0 -- quiet=1 -- repeat=30 -- start=0 -- ,"[/usr/bin/python3 -m experimental_experiment.torch_bench.bash_bench_huggingface --repeat 30 --warmup 10 --model AllenaiLongformerBase --exporter dynamo2 --process 0 --device cuda --dynamic 0 --target_opset 18 --verbose 1 --opt_patterns """" --dump_folder dump_bash_bench --quiet 1 --start 0 --dtype flo"
AllenaiLongformerBase-custom,2024-07-10,"Consider annotating your code using torch._check*(). Could not guard on data-dependent expression Eq(u0_ 1) (unhinted: Eq(u0_ 1)).  (Size-like symbols: none)_ _ Potential framework code culprit (scroll up for full backtrace):_   File ""/home/xadupre/.local/lib/python3.9/site-packages/torch/_dynamo/va",,,,8,13.173936687991954,7.0,40,2024-07-10,cuda,Tesla V100-SXM2-32GB,,,float16,dump_bash_bench,0,/usr/bin/python3,custom,,False,True,False,True,8192,x86_64,0,306654720,315174400.0,315174400.0,315174400.0,,,,,,1412.234375,1430.2578125,2161.5625,2161.5625,2161.5625,8.106231689453125e-05,2161.5625,277.5625,277.5625,277.5625,8.106231689453125e-05,277.5625,277.5625,277.5625,277.5625,8.106231689453125e-05,277.5625,277.5625,277.5625,277.5625,8.106231689453125e-05,277.5625,277.5625,277.5625,277.5625,8.106231689453125e-05,277.5625,277.5625,277.5625,277.5625,8.106231689453125e-05,277.5625,277.5625,277.5625,277.5625,8.106231689453125e-05,277.5625,277.5625,277.5625,277.5625,8.106231689453125e-05,277.5625,1422.8411764705882,8.106231689453125e-05,1,AllenaiLongformerBase,AllenaiLongformerBase,,,,,,,,,,,,,,,,,,,,,,,,,,,,,,,,,,,,,,,,,,,,,,,,,,,,,,,,,,,,,,,,,,,,,,,,,,,,,,,,,,,,,,,,,,,,,,,,,,,,,,,,,,,,,,,,,,,,,,,,,,,,,,,,,,,,,,,,,,,,,,,,,,,,,,,,,,,,,,,,,,,,,,,,,,,,,,,,,,,,,,output_data_bash_bench_huggingface.py.csv,205885441.0,float16,148711257,0,x86_64,,1,30,,,0,HuggingFace,18,0.8597720609977841,,0.06760399946651888,2.7345558919914765,,,,0.07968992849928327,1,3.9.19,1.19.0+cu118,2.5.0.dev20240709+cu118,4.37.2,10,/home/xadupre/.local/lib/python3.9/site-packages/huggingface_hub/file_download.py:1132: FutureWarning: `resume_download` is deprecated and will be removed in version 1.0.0. Downloads always resume when possible. If you want to force a new download_ use `force_download=True`. --   warnings.warn( -- W,[bash_bench_huggingface] start -- device=cuda -- dtype=float16 -- dump_folder=dump_bash_bench -- dynamic=0 -- exporter=custom -- memory_peak=1 -- model=AllenaiLongformerBase -- opt_patterns= -- output_data=output_data_bash_bench_huggingface.py.csv -- process=0 -- quiet=1 -- repeat=30 -- start=0 -- t,"[/usr/bin/python3 -m experimental_experiment.torch_bench.bash_bench_huggingface --repeat 30 --warmup 10 --model AllenaiLongformerBase --exporter custom --process 0 --device cuda --dynamic 0 --target_opset 18 --verbose 1 --opt_patterns """" --dump_folder dump_bash_bench --quiet 1 --start 0 --dtype floa"
BartForCausalLM-script,2024-07-10,"Attention using SDPA can not be traced with torch.jit.trace when no attention_mask is provided. To solve this issue_ please either load your model with the argument `attn_implementation=""eager""` or pass an attention_mask input when tracing the model.",,,,9,12.23180571400735,7.0,40,2024-07-10,cuda,Tesla V100-SXM2-32GB,,,float16,dump_bash_bench,0,/usr/bin/python3,script,,False,True,False,True,8192,x86_64,0,508233728,516753408.0,516753408.0,516753408.0,,,,,,1409.41796875,1414.328125,2277.5625,2277.5625,2277.5625,3.814697265625e-06,2277.5625,277.5625,277.5625,277.5625,3.814697265625e-06,277.5625,277.5625,277.5625,277.5625,3.814697265625e-06,277.5625,277.5625,277.5625,277.5625,3.814697265625e-06,277.5625,277.5625,277.5625,277.5625,3.814697265625e-06,277.5625,277.5625,277.5625,277.5625,3.814697265625e-06,277.5625,277.5625,277.5625,277.5625,3.814697265625e-06,277.5625,277.5625,277.5625,277.5625,3.814697265625e-06,277.5625,1411.3505859375,3.814697265625e-06,1,BartForCausalLM,BartForCausalLM,,,,,,,,,,,,,,,,,,,,,,,,,,,,,,,,,,,,,,,,,,,,,,,,,,,,,,,,,,,,,,,,,,,,,,,,,,,,,,,,,,,,,,,,,,,,,,,,,,,,,,,,,,,,,,,,,,,,,,,,,,,,,,,,,,,,,,,,,,,,,,,,,,,,,,,,,,,,,,,,,,,,,,,,,,,,,,,,,,,,,,output_data_bash_bench_huggingface.py.csv,306548737.0,float16,254084096,0,x86_64,,1,30,,,0,HuggingFace,18,0.02388040500227362,,0.029974357999647813,4.163094418006949,,,,0.027357807800581214,1,3.9.19,1.19.0+cu118,2.5.0.dev20240709+cu118,4.37.2,10,/home/xadupre/.local/lib/python3.9/site-packages/huggingface_hub/file_download.py:1132: FutureWarning: `resume_download` is deprecated and will be removed in version 1.0.0. Downloads always resume when possible. If you want to force a new download_ use `force_download=True`. --   warnings.warn( -- /,[bash_bench_huggingface] start -- device=cuda -- dtype=float16 -- dump_folder=dump_bash_bench -- dynamic=0 -- exporter=script -- memory_peak=1 -- model=BartForCausalLM -- opt_patterns= -- output_data=output_data_bash_bench_huggingface.py.csv -- process=0 -- quiet=1 -- repeat=30 -- start=0 -- target_,"[/usr/bin/python3 -m experimental_experiment.torch_bench.bash_bench_huggingface --repeat 30 --warmup 10 --model BartForCausalLM --exporter script --process 0 --device cuda --dynamic 0 --target_opset 18 --verbose 1 --opt_patterns """" --dump_folder dump_bash_bench --quiet 1 --start 0 --dtype float16 --"
BartForCausalLM-dynamo2,2024-07-10,,,,,10,37.879742459001136,7.0,40,2024-07-10,cuda,Tesla V100-SXM2-32GB,0.0091552734375,5.67578125,float16,dump_bash_bench,0,/usr/bin/python3,dynamo2,dump_test_models/BartForCausalLM-dynamo2-cuda-torch.float16/model.onnx,False,True,False,True,8192,x86_64,0,508233728,516753408.0,516753408.0,516753408.0,516753408.0,8585216.0,8585216.0,8585216.0,8585216.0,1408.125,2589.01171875,2277.5625,2277.5625,2277.5625,0.001911163330078125,2277.5625,277.5625,277.5625,277.5625,0.001911163330078125,277.5625,277.5625,277.5625,277.5625,0.001911163330078125,277.5625,277.5625,277.5625,277.5625,0.001911163330078125,277.5625,277.5625,277.5625,277.5625,0.001911163330078125,277.5625,277.5625,277.5625,277.5625,0.001911163330078125,277.5625,277.5625,277.5625,277.5625,0.001911163330078125,277.5625,277.5625,277.5625,277.5625,0.001911163330078125,277.5625,2529.7267496257487,0.001911163330078125,1,BartForCausalLM,BartForCausalLM,420448988.0,l_args_0_|l_args_8_,1.0,133.0,196.0,2.0,35.0,26.0,0.0,0.0,0.0,div|model_lm_head_1|model_model_decoder_1|model_model_decoder_1_1|model_model_decoder_1_2|model_model_decoder_1_3|model_model_decoder_1_4|model_model_decoder_1_5|model_model_decoder_1_6|model_model_decoder_1_7|model_model_decoder_1_8|model_model_decoder_1_9|model_model_decoder_1_10|model_model_decod,,,,5.0,,,9.0,,,,,1.0,,,3.0,,,,,1.0,,,,,,,,,,1.0,1.0,,,,,1.0,,3.0,,,,,,2.0,,2.0,,,,,,,,,1.0,,,,1.0,,1.0,2.0,196.0,,,,,,,,1.0,,,,,,,,,,,,,,,,,,,,,,,,,,,,,,,,,0.0,,,,,,,,,,,,,,,,,,,,,,,,,,,,,,,,,,,,,,,,,,,,,,,,,,,,,,,,,,,,,,,,,,output_data_bash_bench_huggingface.py.csv,306548737.0,float16,254084096,0,x86_64,CUDAExecutionProvider_CPUExecutionProvider,1,30,0.6637860403674533,-0.33621395963254674,0,HuggingFace,18,20.544651396994595,0.04516038750007283,0.029976834800133172,4.174694785993779,2.171760675992118,31.60268890899897,0.050968735999776985,0.02728781779878773,1,3.9.19,1.19.0+cu118,2.5.0.dev20240709+cu118,4.37.2,10,/home/xadupre/.local/lib/python3.9/site-packages/huggingface_hub/file_download.py:1132: FutureWarning: `resume_download` is deprecated and will be removed in version 1.0.0. Downloads always resume when possible. If you want to force a new download_ use `force_download=True`. --   warnings.warn( -- /,[bash_bench_huggingface] start -- device=cuda -- dtype=float16 -- dump_folder=dump_bash_bench -- dynamic=0 -- exporter=dynamo2 -- memory_peak=1 -- model=BartForCausalLM -- opt_patterns= -- output_data=output_data_bash_bench_huggingface.py.csv -- process=0 -- quiet=1 -- repeat=30 -- start=0 -- target,"[/usr/bin/python3 -m experimental_experiment.torch_bench.bash_bench_huggingface --repeat 30 --warmup 10 --model BartForCausalLM --exporter dynamo2 --process 0 --device cuda --dynamic 0 --target_opset 18 --verbose 1 --opt_patterns """" --dump_folder dump_bash_bench --quiet 1 --start 0 --dtype float16 -"
BartForCausalLM-custom,2024-07-10,,,,,11,22.063482040990493,7.0,40,2024-07-10,cuda,Tesla V100-SXM2-32GB,0.023681640625,9.8359375,float16,dump_bash_bench,0,/usr/bin/python3,custom,dump_test_models/BartForCausalLM-custom-cuda-torch.float16/model.onnx,False,True,False,True,8192,x86_64,0,508233728,516753408.0,516753408.0,516753408.0,516753408.0,415942656.0,415942656.0,415942656.0,415942656.0,1408.1171875,2337.67578125,2277.5625,2277.5625,2277.5625,0.0004901885986328125,2277.5625,277.5625,277.5625,277.5625,0.0004901885986328125,277.5625,277.5625,277.5625,277.5625,0.0004901885986328125,277.5625,277.5625,277.5625,277.5625,0.0004901885986328125,277.5625,277.5625,277.5625,277.5625,0.0004901885986328125,277.5625,277.5625,277.5625,277.5625,0.0004901885986328125,277.5625,277.5625,277.5625,277.5625,0.0004901885986328125,277.5625,277.5625,277.5625,277.5625,0.0004901885986328125,277.5625,1656.153362110895,0.0004901885986328125,1,BartForCausalLM,BartForCausalLM,145276.0,args_0|args_8,1.0,0.0,417.0,2.0,904.0,26.0,0.0,0.0,,output_0|output_1|output_2|output_3|output_4|output_5|output_6|output_7|output_8|output_9|output_10|output_11|output_12|output_13|output_14|output_15|output_16|output_17|output_18|output_19|output_20|output_21|output_22|output_23|output_24|output_25,,172.0,,3.0,,,,1.0,,,,37.0,37.0,,12.0,12.0,1.0,,2.0,,,,,98.0,,,,,,,97.0,,,,74.0,,,,,25.0,1.0,,50.0,,,50.0,,,,,12.0,1.0,,37.0,,25.0,,,133.0,12.0,,12.0,417.0,,,,,,,,,,,,,,,,,,,,,,,,,,,,,,,,,,,,,,,,,0.0,2.0,,26.0,,,1.0,,,,,,,36.0,,1.0,,,,37.0,,2.0,,1.0,,12.0,,,25.0,,73.0,,,,,,,1.0,,,,,,,,,,,12.0,,,,,,,,,,48.0,,,50.0,,,,,output_data_bash_bench_huggingface.py.csv,306548737.0,float16,254084096,0,x86_64,CUDAExecutionProvider_CPUExecutionProvider,1,30,0.6128444196650217,-0.3871555803349783,0,HuggingFace,18,5.264651634992333,0.048910667000260824,0.02997462933320397,4.1753140590008115,1.7385860990034416,15.753398855013074,0.052719622598669955,0.02739789930055849,1,3.9.19,1.19.0+cu118,2.5.0.dev20240709+cu118,4.37.2,10,/home/xadupre/.local/lib/python3.9/site-packages/huggingface_hub/file_download.py:1132: FutureWarning: `resume_download` is deprecated and will be removed in version 1.0.0. Downloads always resume when possible. If you want to force a new download_ use `force_download=True`. --   warnings.warn( -- [,[bash_bench_huggingface] start -- device=cuda -- dtype=float16 -- dump_folder=dump_bash_bench -- dynamic=0 -- exporter=custom -- memory_peak=1 -- model=BartForCausalLM -- opt_patterns= -- output_data=output_data_bash_bench_huggingface.py.csv -- process=0 -- quiet=1 -- repeat=30 -- start=0 -- target_,"[/usr/bin/python3 -m experimental_experiment.torch_bench.bash_bench_huggingface --repeat 30 --warmup 10 --model BartForCausalLM --exporter custom --process 0 --device cuda --dynamic 0 --target_opset 18 --verbose 1 --opt_patterns """" --dump_folder dump_bash_bench --quiet 1 --start 0 --dtype float16 --"
BartForConditionalGeneration-script,2024-07-10,"Attention using SDPA can not be traced with torch.jit.trace when no attention_mask is provided. To solve this issue_ please either load your model with the argument `attn_implementation=""eager""` or pass an attention_mask input when tracing the model.",,,,12,15.958670491003431,7.0,40,2024-07-10,cuda,Tesla V100-SXM2-32GB,,,float16,dump_bash_bench,0,/usr/bin/python3,script,,False,True,False,True,4096,x86_64,0,812716544,821236224.0,821236224.0,821236224.0,,,,,,1057.7421875,1068.5390625,1921.5625,1921.5625,1921.5625,1.430511474609375e-05,1921.5625,277.5625,277.5625,277.5625,1.430511474609375e-05,277.5625,277.5625,277.5625,277.5625,1.430511474609375e-05,277.5625,277.5625,277.5625,277.5625,1.430511474609375e-05,277.5625,277.5625,277.5625,277.5625,1.430511474609375e-05,277.5625,277.5625,277.5625,277.5625,1.430511474609375e-05,277.5625,277.5625,277.5625,277.5625,1.430511474609375e-05,277.5625,277.5625,277.5625,277.5625,1.430511474609375e-05,277.5625,1062.6453125,1.430511474609375e-05,1,BartForConditionalGeneration,BartForConditionalGeneration,,,,,,,,,,,,,,,,,,,,,,,,,,,,,,,,,,,,,,,,,,,,,,,,,,,,,,,,,,,,,,,,,,,,,,,,,,,,,,,,,,,,,,,,,,,,,,,,,,,,,,,,,,,,,,,,,,,,,,,,,,,,,,,,,,,,,,,,,,,,,,,,,,,,,,,,,,,,,,,,,,,,,,,,,,,,,,,,,,,,,,output_data_bash_bench_huggingface.py.csv,105039873.0,float16,406291456,0,x86_64,,1,30,,,0,HuggingFace,18,0.14130967599339783,,0.044439110266588006,7.320588970993413,,,,0.059297226200578736,1,3.9.19,1.19.0+cu118,2.5.0.dev20240709+cu118,4.37.2,10,/home/xadupre/.local/lib/python3.9/site-packages/huggingface_hub/file_download.py:1132: FutureWarning: `resume_download` is deprecated and will be removed in version 1.0.0. Downloads always resume when possible. If you want to force a new download_ use `force_download=True`. --   warnings.warn( -- /,[bash_bench_huggingface] start -- device=cuda -- dtype=float16 -- dump_folder=dump_bash_bench -- dynamic=0 -- exporter=script -- memory_peak=1 -- model=BartForConditionalGeneration -- opt_patterns= -- output_data=output_data_bash_bench_huggingface.py.csv -- process=0 -- quiet=1 -- repeat=30 -- start,"[/usr/bin/python3 -m experimental_experiment.torch_bench.bash_bench_huggingface --repeat 30 --warmup 10 --model BartForConditionalGeneration --exporter script --process 0 --device cuda --dynamic 0 --target_opset 18 --verbose 1 --opt_patterns """" --dump_folder dump_bash_bench --quiet 1 --start 0 --dty"
BartForConditionalGeneration-dynamo2,2024-07-10,Failed to export the model to ONNX. Generating SARIF report at 'report_dynamo_export.sarif'. SARIF is a standard format for the output of static analysis tools. SARIF logs can be loaded in VS Code SARIF viewer extension_ or SARIF web viewer (https://microsoft.github.io/sarif-web-component/). Please ,,,,13,16.265692008993938,7.0,40,2024-07-10,cuda,Tesla V100-SXM2-32GB,,,float16,dump_bash_bench,0,/usr/bin/python3,dynamo2,,False,True,False,True,4096,x86_64,0,812716544,821236224.0,821236224.0,821236224.0,,,,,,1055.390625,1069.234375,1921.5625,1921.5625,1921.5625,5.340576171875e-05,1921.5625,277.5625,277.5625,277.5625,5.340576171875e-05,277.5625,277.5625,277.5625,277.5625,5.340576171875e-05,277.5625,277.5625,277.5625,277.5625,5.340576171875e-05,277.5625,277.5625,277.5625,277.5625,5.340576171875e-05,277.5625,277.5625,277.5625,277.5625,5.340576171875e-05,277.5625,277.5625,277.5625,277.5625,5.340576171875e-05,277.5625,277.5625,277.5625,277.5625,5.340576171875e-05,277.5625,1061.8521902901787,5.340576171875e-05,1,BartForConditionalGeneration,BartForConditionalGeneration,,,,,,,,,,,,,,,,,,,,,,,,,,,,,,,,,,,,,,,,,,,,,,,,,,,,,,,,,,,,,,,,,,,,,,,,,,,,,,,,,,,,,,,,,,,,,,,,,,,,,,,,,,,,,,,,,,,,,,,,,,,,,,,,,,,,,,,,,,,,,,,,,,,,,,,,,,,,,,,,,,,,,,,,,,,,,,,,,,,,,,output_data_bash_bench_huggingface.py.csv,105039873.0,float16,406291456,0,x86_64,,1,30,,,0,HuggingFace,18,0.5726419969869312,,0.04448718763354312,7.314597410993883,,,,0.056750101399666165,1,3.9.19,1.19.0+cu118,2.5.0.dev20240709+cu118,4.37.2,10,/home/xadupre/.local/lib/python3.9/site-packages/huggingface_hub/file_download.py:1132: FutureWarning: `resume_download` is deprecated and will be removed in version 1.0.0. Downloads always resume when possible. If you want to force a new download_ use `force_download=True`. --   warnings.warn( -- /,[bash_bench_huggingface] start -- device=cuda -- dtype=float16 -- dump_folder=dump_bash_bench -- dynamic=0 -- exporter=dynamo2 -- memory_peak=1 -- model=BartForConditionalGeneration -- opt_patterns= -- output_data=output_data_bash_bench_huggingface.py.csv -- process=0 -- quiet=1 -- repeat=30 -- star,"[/usr/bin/python3 -m experimental_experiment.torch_bench.bash_bench_huggingface --repeat 30 --warmup 10 --model BartForConditionalGeneration --exporter dynamo2 --process 0 --device cuda --dynamic 0 --target_opset 18 --verbose 1 --opt_patterns """" --dump_folder dump_bash_bench --quiet 1 --start 0 --dt"
BartForConditionalGeneration-custom,2024-07-10,"Dynamic control flow is not supported at the moment. Please use functorch.experimental.control_flow.cond to explicitly capture the control flow. For more information about this error_ see: https://pytorch.org/docs/main/generated/exportdb/index.html#cond-operands_ _ from user code:_    File ""/home/xa",,,,14,16.032695692003472,7.0,40,2024-07-10,cuda,Tesla V100-SXM2-32GB,,,float16,dump_bash_bench,0,/usr/bin/python3,custom,,False,True,False,True,4096,x86_64,0,812716544,821236224.0,821236224.0,821236224.0,,,,,,1055.96875,1068.31640625,1921.5625,1921.5625,1921.5625,4.100799560546875e-05,1921.5625,277.5625,277.5625,277.5625,4.100799560546875e-05,277.5625,277.5625,277.5625,277.5625,4.100799560546875e-05,277.5625,277.5625,277.5625,277.5625,4.100799560546875e-05,277.5625,277.5625,277.5625,277.5625,4.100799560546875e-05,277.5625,277.5625,277.5625,277.5625,4.100799560546875e-05,277.5625,277.5625,277.5625,277.5625,4.100799560546875e-05,277.5625,277.5625,277.5625,277.5625,4.100799560546875e-05,277.5625,1063.1033793604652,4.100799560546875e-05,1,BartForConditionalGeneration,BartForConditionalGeneration,,,,,,,,,,,,,,,,,,,,,,,,,,,,,,,,,,,,,,,,,,,,,,,,,,,,,,,,,,,,,,,,,,,,,,,,,,,,,,,,,,,,,,,,,,,,,,,,,,,,,,,,,,,,,,,,,,,,,,,,,,,,,,,,,,,,,,,,,,,,,,,,,,,,,,,,,,,,,,,,,,,,,,,,,,,,,,,,,,,,,,output_data_bash_bench_huggingface.py.csv,105039873.0,float16,406291456,0,x86_64,,1,30,,,0,HuggingFace,18,0.4213794310053345,,0.04436233686671282,7.280836061996524,,,,0.056283458700636405,1,3.9.19,1.19.0+cu118,2.5.0.dev20240709+cu118,4.37.2,10,/home/xadupre/.local/lib/python3.9/site-packages/huggingface_hub/file_download.py:1132: FutureWarning: `resume_download` is deprecated and will be removed in version 1.0.0. Downloads always resume when possible. If you want to force a new download_ use `force_download=True`. --   warnings.warn( -- ,[bash_bench_huggingface] start -- device=cuda -- dtype=float16 -- dump_folder=dump_bash_bench -- dynamic=0 -- exporter=custom -- memory_peak=1 -- model=BartForConditionalGeneration -- opt_patterns= -- output_data=output_data_bash_bench_huggingface.py.csv -- process=0 -- quiet=1 -- repeat=30 -- start,"[/usr/bin/python3 -m experimental_experiment.torch_bench.bash_bench_huggingface --repeat 30 --warmup 10 --model BartForConditionalGeneration --exporter custom --process 0 --device cuda --dynamic 0 --target_opset 18 --verbose 1 --opt_patterns """" --dump_folder dump_bash_bench --quiet 1 --start 0 --dty"
BertForMaskedLM-script,2024-07-10,,,,,15,17.7088080310059,7.0,40,2024-07-10,cuda,Tesla V100-SXM2-32GB,0.0087890625,5.84375,float16,dump_bash_bench,0,/usr/bin/python3,script,dump_test_models/BertForMaskedLM-script-cuda-torch.float16/model.onnx,False,True,False,True,16384,x86_64,0,226681344,235201024.0,235201024.0,235201024.0,235201024.0,8650752.0,8650752.0,8650752.0,8650752.0,1409.95703125,1639.2265625,2113.5625,2115.5625,2115.3839285714284,0.00026702880859375,2115.5625,277.5625,277.5625,277.5625,0.00026702880859375,277.5625,277.5625,277.5625,277.5625,0.00026702880859375,277.5625,277.5625,277.5625,277.5625,0.00026702880859375,277.5625,277.5625,277.5625,277.5625,0.00026702880859375,277.5625,277.5625,277.5625,277.5625,0.00026702880859375,277.5625,277.5625,277.5625,277.5625,0.00026702880859375,277.5625,277.5625,277.5625,277.5625,0.00026702880859375,277.5625,1555.9897739955356,0.00026702880859375,1,BertForMaskedLM,BertForMaskedLM,219239417.0,input.1|onnx::Reshape_1,1.0,0.0,80.0,2.0,1213.0,2.0,0.0,0.0,0.0,1294|onnx::Reshape_1289,,125.0,,,,49.0,352.0,1.0,,,,25.0,,,1.0,13.0,1.0,,3.0,,,,,122.0,,26.0,,,,,98.0,,,,27.0,,,,,,,,,,,51.0,,1.0,,,12.0,1.0,,,,,,,122.0,,182.0,1.0,80.0,,,,,,,,,,,,,,,,,,,,,,,,,,,,,,,,,,,,,,,,,0.0,,,,,,,,,,,,,,,,,,,,,,,,,,,,,,,,,,,,,,,,,,,,,,,,,,,,,,,,,,,,,,,,,,output_data_bash_bench_huggingface.py.csv,250036225.0,float16,109514298,0,x86_64,CUDAExecutionProvider_CPUExecutionProvider,1,30,1.1680190445074312,0.16801904450743121,0,HuggingFace,18,2.8736825240048347,0.04469447033334291,0.052203992533516916,2.107899681010167,1.0472161520010559,11.45788383699255,0.04736138849984854,0.06321884439967107,1,3.9.19,1.19.0+cu118,2.5.0.dev20240709+cu118,4.37.2,10,/home/xadupre/.local/lib/python3.9/site-packages/huggingface_hub/file_download.py:1132: FutureWarning: `resume_download` is deprecated and will be removed in version 1.0.0. Downloads always resume when possible. If you want to force a new download_ use `force_download=True`. --   warnings.warn( -- ,[bash_bench_huggingface] start -- device=cuda -- dtype=float16 -- dump_folder=dump_bash_bench -- dynamic=0 -- exporter=script -- memory_peak=1 -- model=BertForMaskedLM -- opt_patterns= -- output_data=output_data_bash_bench_huggingface.py.csv -- process=0 -- quiet=1 -- repeat=30 -- start=0 -- target_,"[/usr/bin/python3 -m experimental_experiment.torch_bench.bash_bench_huggingface --repeat 30 --warmup 10 --model BertForMaskedLM --exporter script --process 0 --device cuda --dynamic 0 --target_opset 18 --verbose 1 --opt_patterns """" --dump_folder dump_bash_bench --quiet 1 --start 0 --dtype float16 --"
BertForMaskedLM-dynamo2,2024-07-10,,,,,16,32.44567364800605,7.0,40,2024-07-10,cuda,Tesla V100-SXM2-32GB,inf,inf,float16,dump_bash_bench,0,/usr/bin/python3,dynamo2,dump_test_models/BertForMaskedLM-dynamo2-cuda-torch.float16/model.onnx,False,True,False,True,16384,x86_64,0,226681344,235201024.0,235201024.0,235201024.0,235201024.0,8650752.0,8650752.0,8650752.0,8650752.0,1410.53125,2141.95703125,2113.5625,2113.5625,2113.5625,0.0016450881958007812,2113.5625,277.5625,277.5625,277.5625,0.0016450881958007812,277.5625,277.5625,277.5625,277.5625,0.0016450881958007812,277.5625,277.5625,277.5625,277.5625,0.0016450881958007812,277.5625,277.5625,277.5625,277.5625,0.0016450881958007812,277.5625,277.5625,277.5625,277.5625,0.0016450881958007812,277.5625,277.5625,277.5625,277.5625,0.0016450881958007812,277.5625,277.5625,277.5625,277.5625,0.0016450881958007812,277.5625,1912.969137228261,0.0016450881958007812,1,BertForMaskedLM,BertForMaskedLM,220674130.0,l_args_0_|l_args_8_,1.0,139.0,204.0,2.0,35.0,2.0,0.0,0.0,0.0,div_12|model_cls_1,,,,5.0,,,9.0,,,,,1.0,,,3.0,,,,,1.0,,,,,,,,,,1.0,,,,,,1.0,,3.0,,,,,,2.0,,2.0,,,,,,,,,1.0,,,,,,1.0,2.0,204.0,,1.0,,,,,,,1.0,1.0,,,,,,,,,,,,,,,,,,,,,,,,,,,,,,,0.0,,,,,,,,,,,,,,,,,,,,,,,,,,,,,,,,,,,,,,,,,,,,,,,,,,,,,,,,,,,,,,,,,,output_data_bash_bench_huggingface.py.csv,250036225.0,float16,109514298,0,x86_64,CUDAExecutionProvider_CPUExecutionProvider,1,30,1.195707017043771,0.19570701704377091,0,HuggingFace,18,17.68355259799864,0.043658370366514036,0.05220261979993666,2.110733118999633,1.1453540280053858,26.33155559899751,0.046907331599504686,0.06220067399990512,1,3.9.19,1.19.0+cu118,2.5.0.dev20240709+cu118,4.37.2,10,/home/xadupre/.local/lib/python3.9/site-packages/huggingface_hub/file_download.py:1132: FutureWarning: `resume_download` is deprecated and will be removed in version 1.0.0. Downloads always resume when possible. If you want to force a new download_ use `force_download=True`. --   warnings.warn( -- /,[bash_bench_huggingface] start -- device=cuda -- dtype=float16 -- dump_folder=dump_bash_bench -- dynamic=0 -- exporter=dynamo2 -- memory_peak=1 -- model=BertForMaskedLM -- opt_patterns= -- output_data=output_data_bash_bench_huggingface.py.csv -- process=0 -- quiet=1 -- repeat=30 -- start=0 -- target,"[/usr/bin/python3 -m experimental_experiment.torch_bench.bash_bench_huggingface --repeat 30 --warmup 10 --model BertForMaskedLM --exporter dynamo2 --process 0 --device cuda --dynamic 0 --target_opset 18 --verbose 1 --opt_patterns """" --dump_folder dump_bash_bench --quiet 1 --start 0 --dtype float16 -"
BertForMaskedLM-custom,2024-07-10,,,,,17,20.924991346008028,7.0,40,2024-07-10,cuda,Tesla V100-SXM2-32GB,0.03564453125,16.359375,float16,dump_bash_bench,0,/usr/bin/python3,custom,dump_test_models/BertForMaskedLM-custom-cuda-torch.float16/model.onnx,False,True,False,True,16384,x86_64,0,226681344,235201024.0,235201024.0,235201024.0,235201024.0,235201024.0,235201024.0,235201024.0,235201024.0,1408.32421875,1870.09765625,2113.5625,2113.5625,2113.5625,0.000568389892578125,2113.5625,277.5625,277.5625,277.5625,0.000568389892578125,277.5625,277.5625,277.5625,277.5625,0.000568389892578125,277.5625,277.5625,277.5625,277.5625,0.000568389892578125,277.5625,277.5625,277.5625,277.5625,0.000568389892578125,277.5625,277.5625,277.5625,277.5625,0.000568389892578125,277.5625,277.5625,277.5625,277.5625,0.000568389892578125,277.5625,277.5625,277.5625,277.5625,0.000568389892578125,277.5625,1485.762144767198,0.000568389892578125,1,BertForMaskedLM,BertForMaskedLM,135260.0,args_0|args_8,1.0,0.0,391.0,2.0,810.0,2.0,0.0,0.0,,output_0|output_1,,177.0,,2.0,,,,1.0,,,,51.0,37.0,,,13.0,1.0,,3.0,,,,,44.0,,,,,,,98.0,,,,53.0,,,,,26.0,,,52.0,,,50.0,,,,,12.0,1.0,,26.0,,27.0,,,134.0,,2.0,,391.0,,,,,,,,,,,,,,,,,,,,,,,,,,,,,,,,,,,,,,,,,0.0,1.0,,38.0,,,,,,,,,,12.0,,1.0,,,12.0,37.0,,3.0,,1.0,,13.0,,,26.0,,74.0,,,,24.0,,,1.0,,,1.0,48.0,,,,,,1.0,,,,4.0,12.0,,,,,,12.0,,2.0,50.0,,,,,output_data_bash_bench_huggingface.py.csv,250036225.0,float16,109514298,0,x86_64,CUDAExecutionProvider_CPUExecutionProvider,1,30,0.9468478182702972,-0.05315218172970282,0,HuggingFace,18,6.112833300998318,0.05515964169996247,0.052227786400180776,2.116002488997765,0.9030344930069987,14.762295569002163,0.05915367569978116,0.06316691980027826,1,3.9.19,1.19.0+cu118,2.5.0.dev20240709+cu118,4.37.2,10,/home/xadupre/.local/lib/python3.9/site-packages/huggingface_hub/file_download.py:1132: FutureWarning: `resume_download` is deprecated and will be removed in version 1.0.0. Downloads always resume when possible. If you want to force a new download_ use `force_download=True`. --   warnings.warn( -- [,[bash_bench_huggingface] start -- device=cuda -- dtype=float16 -- dump_folder=dump_bash_bench -- dynamic=0 -- exporter=custom -- memory_peak=1 -- model=BertForMaskedLM -- opt_patterns= -- output_data=output_data_bash_bench_huggingface.py.csv -- process=0 -- quiet=1 -- repeat=30 -- start=0 -- target_,"[/usr/bin/python3 -m experimental_experiment.torch_bench.bash_bench_huggingface --repeat 30 --warmup 10 --model BertForMaskedLM --exporter custom --process 0 --device cuda --dynamic 0 --target_opset 18 --verbose 1 --opt_patterns """" --dump_folder dump_bash_bench --quiet 1 --start 0 --dtype float16 --"
BertForQuestionAnswering-script,2024-07-10,,,,,18,15.701482909993501,7.0,40,2024-07-10,cuda,Tesla V100-SXM2-32GB,0.0048828125,1.322265625,float16,dump_bash_bench,0,/usr/bin/python3,script,dump_test_models/BertForQuestionAnswering-script-cuda-torch.float16/model.onnx,False,True,False,True,8224,x86_64,0,224457216,232976896.0,232976896.0,232976896.0,232976896.0,8586240.0,8586240.0,8586240.0,8586240.0,947.05078125,1176.26953125,1157.5625,1159.5625,1159.3697289156626,0.00023746490478515625,1159.5625,277.5625,277.5625,277.5625,0.00023746490478515625,277.5625,277.5625,277.5625,277.5625,0.00023746490478515625,277.5625,277.5625,277.5625,277.5625,0.00023746490478515625,277.5625,277.5625,277.5625,277.5625,0.00023746490478515625,277.5625,277.5625,277.5625,277.5625,0.00023746490478515625,277.5625,277.5625,277.5625,277.5625,0.00023746490478515625,277.5625,277.5625,277.5625,277.5625,0.00023746490478515625,277.5625,1103.5572602911648,0.00023746490478515625,1,BertForQuestionAnswering,BertForQuestionAnswering,218000190.0,input.1|onnx::Clip_1|onnx::Clip_2,1.0,0.0,80.0,3.0,1212.0,3.0,0.0,0.0,0.0,1295|onnx::SoftmaxCrossEntropyLoss_1281|onnx::SoftmaxCrossEntropyLoss_1283,,124.0,,4.0,2.0,49.0,353.0,1.0,,,,25.0,,,1.0,12.0,1.0,,3.0,,,,,119.0,,25.0,,,,,97.0,,,,25.0,,,,,,,,,,,49.0,,1.0,,,12.0,2.0,1.0,,2.0,,,,121.0,,182.0,1.0,80.0,,,,,,,,,,,,,,,,,,,,,,,,,,,,,,,,,,,,,,,,,0.0,,,,,,,,,,,,,,,,,,,,,,,,,,,,,,,,,,,,,,,,,,,,,,,,,,,,,,,,,,,,,,,,,,output_data_bash_bench_huggingface.py.csv,16385.0,float16,108893186,0,x86_64,CUDAExecutionProvider_CPUExecutionProvider,1,30,1.1904625890760367,0.19046258907603675,0,HuggingFace,18,2.544347900999128,0.03505371106681802,0.0417301316333275,1.8254868299991358,0.8883700979931746,9.377895327997976,0.038089298500563015,0.054273186999489555,1,3.9.19,1.19.0+cu118,2.5.0.dev20240709+cu118,4.37.2,10,/home/xadupre/.local/lib/python3.9/site-packages/huggingface_hub/file_download.py:1132: FutureWarning: `resume_download` is deprecated and will be removed in version 1.0.0. Downloads always resume when possible. If you want to force a new download_ use `force_download=True`. --   warnings.warn( -- ,[bash_bench_huggingface] start -- device=cuda -- dtype=float16 -- dump_folder=dump_bash_bench -- dynamic=0 -- exporter=script -- memory_peak=1 -- model=BertForQuestionAnswering -- opt_patterns= -- output_data=output_data_bash_bench_huggingface.py.csv -- process=0 -- quiet=1 -- repeat=30 -- start=0 -,"[/usr/bin/python3 -m experimental_experiment.torch_bench.bash_bench_huggingface --repeat 30 --warmup 10 --model BertForQuestionAnswering --exporter script --process 0 --device cuda --dynamic 0 --target_opset 18 --verbose 1 --opt_patterns """" --dump_folder dump_bash_bench --quiet 1 --start 0 --dtype f"
BertForQuestionAnswering-dynamo2,2024-07-10,,,,,19,30.38571826799307,7.0,40,2024-07-10,cuda,Tesla V100-SXM2-32GB,0.0048828125,1.322265625,float16,dump_bash_bench,0,/usr/bin/python3,dynamo2,dump_test_models/BertForQuestionAnswering-dynamo2-cuda-torch.float16/model.onnx,False,True,False,True,8224,x86_64,0,224457216,232976896.0,232976896.0,232976896.0,232976896.0,8586240.0,8586240.0,8586240.0,8586240.0,948.4453125,1984.18359375,1157.5625,1157.5625,1157.5625,0.00159454345703125,1157.5625,277.5625,277.5625,277.5625,0.00159454345703125,277.5625,277.5625,277.5625,277.5625,0.00159454345703125,277.5625,277.5625,277.5625,277.5625,0.00159454345703125,277.5625,277.5625,277.5625,277.5625,0.00159454345703125,277.5625,277.5625,277.5625,277.5625,0.00159454345703125,277.5625,277.5625,277.5625,277.5625,0.00159454345703125,277.5625,277.5625,277.5625,277.5625,0.00159454345703125,277.5625,1499.688904100628,0.00159454345703125,1,BertForQuestionAnswering,BertForQuestionAnswering,219431512.0,l_args_0_|l_args_6_|l_args_7_,1.0,136.0,201.0,3.0,76.0,3.0,0.0,0.0,0.0,div_14|clone_85|clone_86,,1.0,,10.0,,,21.0,,,,,3.0,,,6.0,,,,,2.0,,,,2.0,,,,,,2.0,,2.0,2.0,,,2.0,,6.0,,,,,,4.0,,,,,,,,,1.0,,4.0,,,,,,2.0,4.0,201.0,,,,,1.0,,,,1.0,,,,,,,,,,,,,,,,,,,,,,,,,,,,,,,,0.0,,,,,,,,,,,,,,,,,,,,,,,,,,,,,,,,,,,,,,,,,,,,,,,,,,,,,,,,,,,,,,,,,,output_data_bash_bench_huggingface.py.csv,16385.0,float16,108893186,0,x86_64,CUDAExecutionProvider_CPUExecutionProvider,1,30,1.2207319597640525,0.22073195976405247,0,HuggingFace,18,17.146269632998155,0.034242961199682516,0.04180147713341285,1.7602577049983665,0.9745845730067231,23.964981405995786,0.03883603249996668,0.05355003860022407,1,3.9.19,1.19.0+cu118,2.5.0.dev20240709+cu118,4.37.2,10,/home/xadupre/.local/lib/python3.9/site-packages/huggingface_hub/file_download.py:1132: FutureWarning: `resume_download` is deprecated and will be removed in version 1.0.0. Downloads always resume when possible. If you want to force a new download_ use `force_download=True`. --   warnings.warn( -- /,[bash_bench_huggingface] start -- device=cuda -- dtype=float16 -- dump_folder=dump_bash_bench -- dynamic=0 -- exporter=dynamo2 -- memory_peak=1 -- model=BertForQuestionAnswering -- opt_patterns= -- output_data=output_data_bash_bench_huggingface.py.csv -- process=0 -- quiet=1 -- repeat=30 -- start=0 ,"[/usr/bin/python3 -m experimental_experiment.torch_bench.bash_bench_huggingface --repeat 30 --warmup 10 --model BertForQuestionAnswering --exporter dynamo2 --process 0 --device cuda --dynamic 0 --target_opset 18 --verbose 1 --opt_patterns """" --dump_folder dump_bash_bench --quiet 1 --start 0 --dtype "
BertForQuestionAnswering-custom,2024-07-10,,,,,20,18.755698926994228,7.0,40,2024-07-10,cuda,Tesla V100-SXM2-32GB,0.0146484375,1.7294921875,float16,dump_bash_bench,0,/usr/bin/python3,custom,dump_test_models/BertForQuestionAnswering-custom-cuda-torch.float16/model.onnx,False,True,False,True,8224,x86_64,0,224457216,232976896.0,232976896.0,232976896.0,232976896.0,232976896.0,232976896.0,232976896.0,232976896.0,946.9453125,1314.94921875,1157.5625,1157.5625,1157.5625,0.0005435943603515625,1157.5625,277.5625,277.5625,277.5625,0.0005435943603515625,277.5625,277.5625,277.5625,277.5625,0.0005435943603515625,277.5625,277.5625,277.5625,277.5625,0.0005435943603515625,277.5625,277.5625,277.5625,277.5625,0.0005435943603515625,277.5625,277.5625,277.5625,277.5625,0.0005435943603515625,277.5625,277.5625,277.5625,277.5625,0.0005435943603515625,277.5625,277.5625,277.5625,277.5625,0.0005435943603515625,277.5625,1005.3275630482456,0.0005435943603515625,1,BertForQuestionAnswering,BertForQuestionAnswering,133889.0,args_0|args_6|args_7,1.0,0.0,384.0,3.0,805.0,3.0,0.0,0.0,,output_0|output_1|output_2,,174.0,,2.0,2.0,,,1.0,,,,50.0,37.0,,,12.0,1.0,,3.0,,,,,50.0,,,,,,,97.0,,,,50.0,,,,,25.0,,,50.0,,,48.0,,,,,12.0,2.0,1.0,25.0,2.0,26.0,,,133.0,,2.0,,384.0,,,,,,,,,,,,,,,,,,,,,,,,,,,,,,,,,,,,,,,,,0.0,1.0,,39.0,,,,,,,,,2.0,14.0,,2.0,,,13.0,37.0,,3.0,,1.0,,12.0,,,25.0,,73.0,,,,24.0,,,1.0,,,1.0,48.0,,,,,,1.0,,,,4.0,12.0,1.0,,2.0,,,12.0,,2.0,48.0,,,2.0,,output_data_bash_bench_huggingface.py.csv,16385.0,float16,108893186,0,x86_64,CUDAExecutionProvider_CPUExecutionProvider,1,30,0.9426317556906122,-0.057368244309387806,0,HuggingFace,18,5.84338793400093,0.04431931633347024,0.04177679496642668,1.7665440869895974,0.7362491739913821,12.570477770001162,0.047778090099745894,0.05389251640008297,1,3.9.19,1.19.0+cu118,2.5.0.dev20240709+cu118,4.37.2,10,/home/xadupre/.local/lib/python3.9/site-packages/huggingface_hub/file_download.py:1132: FutureWarning: `resume_download` is deprecated and will be removed in version 1.0.0. Downloads always resume when possible. If you want to force a new download_ use `force_download=True`. --   warnings.warn( -- [,[bash_bench_huggingface] start -- device=cuda -- dtype=float16 -- dump_folder=dump_bash_bench -- dynamic=0 -- exporter=custom -- memory_peak=1 -- model=BertForQuestionAnswering -- opt_patterns= -- output_data=output_data_bash_bench_huggingface.py.csv -- process=0 -- quiet=1 -- repeat=30 -- start=0 -,"[/usr/bin/python3 -m experimental_experiment.torch_bench.bash_bench_huggingface --repeat 30 --warmup 10 --model BertForQuestionAnswering --exporter custom --process 0 --device cuda --dynamic 0 --target_opset 18 --verbose 1 --opt_patterns """" --dump_folder dump_bash_bench --quiet 1 --start 0 --dtype f"
